title,struct_data
冀香糯1号,#中文名:冀香糯1号#审定编号:冀审稻2009003号#亲本组合:新香糯/冀糯1号#育成年份:2006年
保玉1号,#中文名:保玉1号#审定编号:苏审玉201104#育成时间:2004年#属    性:中熟半紧凑型普通玉米
岑溪软枝油茶,#中文名:岑溪软枝油茶#外文名:camellia Oleifera‘cenxiruanzhi’#分布区域:广西岑溪、藤县、苍梧一带#品种优势:速生早实、高产稳产、适应性强#审定编号:国S-SC-CO-011-2002#重要奖项:全国科学大会成果奖
D优二零二,
东三一五,#中文学名:东三一五#界:植物界#门:被子植物门 Angiospermae#纲:单子叶植物纲 Monocotyledoneae#目:禾本目 Graminales#科:禾本科 Gramineae#属:玉蜀黍属 Zea#种:玉米
东单335,#中文名:东单335#籽粒容重:737.4克/升#赖氨酸含量:0.32%#粗淀粉含量:75.52%#粗脂肪含量:4.08%#粗蛋白含量:10.02%
东单80号,#中文名:东单80号#界:植物界#科:禾本科#属:玉蜀黍属#种:玉蜀黍#品    种:东单80号
东单100号,#中文学名:东单100号#界:植物界#选育单位:辽宁东亚种业有限公司#品种类型:玉米
东单八零号,#中文学名:东单八零号#界:植物界#审定编号:国审玉2007016#选育单位:辽宁东亚种业有限公司
东峰二号,#中文学名:东峰二号#界:植物界#门:被子植物门#纲:双子叶植物纲#目:茄目
东峰红,#中文学名:东峰红#界:植物界#科:菊科#属:莴苣属
东方56,#中文学名:东方56白菜#拉丁学名:Brassica rapa pekinensis，Brassica campestris pekinensis，Brassica pekinensis#界:植物界#门:种子植物门 Magnoliophyta#亚    门:被子植物亚门#纲:双子叶植物纲 Magnoliopsida#目:白花菜目 Brassicales#科:十字花科 Brassicaceae#属:叶菜类蔬菜#种:白菜种 B. rapa#特    征:食用口感好，不苦微甜
东方18,#中文名:东方18#鉴定编号:苏鉴不结球白菜201103#适应范围:适宜江苏省秋季露地栽培。#叶柄重比:0.3
丹137,#中文名:丹137#选育单位:丹东农科院稻作研究所#品种父本:龙粳8号#品种母本:中辽9052
丹玉402号,#中文名:丹玉402号#品种类型:玉米#选育单位:丹东农业科学院#平均亩产:655.9公斤#成功时间:2002年冬#母    本:美国杂交种78599
丹玉403号,#中文名:丹玉403号#外文名:Danyu 403#品种类型:玉米#选育单位:丹东农业科学院
东农710,#中文名:东农710#品种类型:番茄#审定时间:2002年1月#审定单位:黑龙江省农作物品种审定委员会
丹玉83号,#中文名:丹玉83号#选育单位:丹东农业科学院#品种类型:玉米#品种来源:以丹T137为母本，以DH34为父本#适宜密度:3300株/亩#有效积温:2930℃左右
丹玉89号,#中文名:丹玉89号#品种类型:玉米#选育单位:丹东农业科学院#培育时间:2001年
丹玉九六号,#中文学名:丹玉九六号#界:植物界#分布区域:东北华北地区#审定编号:国审玉2007014
丹阳红掌,#中文名:丹阳红掌#审定编号:粤审花2012001#选育单位:广州花卉研究中心#品种来源:托金/密西西比
丹科2187,#中文名:丹科2187#品种类型: 玉米#选育单位: 丹东农业科学院#母本:T96 
丰丽2号,#中文名:丰丽2号#单果重:200~220克#品种类别:番茄#类    型:早熟品种
丰产二号,#中文名:丰产二号#品种类别:豆角#亩    产:2000公斤#荚    长:65厘米
二金条,"#中文学名:辣椒#拉丁学名:Capsicum annuum#界:植物界#门:被子植物门#纲:双子叶植物纲#亚    纲:合瓣花亚纲#目:管状花目#科:茄科#族:茄族#属:辣椒属#种:辣椒#分布区域:原产南美洲，中国有栽培。"
丰冠节瓜,#中文学名:丰冠节瓜#界:植物界#门:被子植物门#纲:双子叶植物纲#目:葫芦目#科:葫芦科#种:丰冠节瓜
丰产六号,#中文名:丰产六号#品种类别:豆角#栽培要点:忌连作，每穴2-3粒#产    量:亩产可达2500公斤
丹玉404号,#中文学名:丹玉404号#界:植物界#门:被子植物门#纲:单子叶植物纲#目:禾本目#科:禾本科#亚    科:黍亚科#族:玉蜀黍族#属:玉蜀黍属#种:玉米
丰甜4号,#中文学名:丰甜4号#界:植物界#门:被子植物门#纲:双子叶植物纲#目:葫芦目
丰田三号,#中文名:丰田三号#果    长:28－35厘米#横    径:5－6厘米#单    重:250克左右
丰源1号,#中文名:丰源1号#行    数:16-18行#百粒重:40.1克#穗    粗:6.0CM#行粒数:50粒#出籽率:85%
丰软占,"#中文学名:丰软占#拉丁学名:Oryza sativa ,Oryza glaberrima#别    称:水稻、稻谷、谷子#界:植物界#门:被子植物门#纲:单子叶植物纲#目:禾本目#科:禾本科#属:稻属#种:稻种#分布区域:中南和西南稻作区的平原地区早、晚造种植#域:真核生物域"
GN527,#中文名:GN527#认定编号:甘认葵2011010#引进单位:甘肃省三瑞种业有限公司#平均亩产:255.4公斤
光亚2号,#中文名:光亚2号#株    高:100～110厘米#单株成穗:11～13个#每公顷有效穗:270万左右#隶    属:杂交稻
冈优一五八,
冈绿,#中文学名:冈绿#界:植物界#门:被子植物门#纲:木兰纲#目:白花菜目#科:十字花科#属:芸薹属
九九紫红茄,#中文学名:九九紫红茄#界:植物界#纲:双子叶植物纲#科:茄科#属:茄属#种:茄种#分布区域:中国、日本
久脆,#中文学名:久脆#界:植物界#种:久脆#审定信息:河北省林业局组织的技术成果鉴定
井冈701,#中文名:井冈701#培育单位:江西省农业科学院生物工程中心#审定单位:江西省品种审定委员会#审定时间:2007年
九九王,#中文学名:九九王#界:植物界#门:被子植物门#纲:双子叶植物纲#科:茄科#族:茄祖
京单二八,#中文名:京单二八#审定编号:国审玉2007001#选育单位:北京市农林科学院玉米研究中心#品种来源:早熟302×黄野四#适宜推广:京津唐、廊坊、保定北、沧州中北
京新801,#中文名:京新801#认定编号:甘认菜2011067#品种名称:京新801#选育单位:武威三新种业有限责任公司
京冬一七,#中文学名:京冬一七#别    称:京东17小麦#界:植物界#门:种子植物门#亚    门:被子植物亚门#纲:单子叶植物纲#目:禾本目#亚    目:禾本亚目#属:小麦属#分布区域:北京、天津、河北中北部、山西中部和东南部，新疆阿拉尔地区。
京冬二二,#中文学名:京冬二二#界:植物界#门:被子植物门Magnoliophyta #纲: 单子叶植物纲Liliopsida
京福优167,#中文名:京福优167#全生育期:141d#穗    长:24.11cm#株    高:109.7cm
京科青贮五一六,#中文名:京科青贮五一六#审定编号:国审玉2007029#选育单位:北京市农林科学院玉米研究中心#品种来源:母本MC0303，父本MC30
京花九号,
今夏秋王,#中文学名:莴笋#拉丁学名:Lactuca sativa Linn. var. angustata Irish ex Bremer#别    称:柳叶莴苣;牛脷菜;笋子;莴菜;莴苣;莴苣笋;莴筍;莴荀;荀;#界:植物界#科:菊科#属:莴苣属
今夏王,#中文学名:今夏王#别    称:莴笋#界:植物界#门:被子植物门#种:今夏王#分布区域:四川盆地
京科968,#中文名:京科968#界:植物界#科:禾本科#属:玉蜀黍属#种:玉蜀黍#品    种:京科968
今冬王,#中文学名:今冬王#界:植物界#门:被子植物门#纲:双子叶植物纲#目:莴笋#科:禾本科#属:薹草属
今秋王,#中文名:今秋王#类    别:蔬菜#品    种:莴笋#特    性:耐热、耐湿、抗病、抗逆
佳绿,#中文学名:佳绿#门:被子植物门#纲:双子叶植物纲#亚    纲:五桠果亚纲#目:白花菜目#科:十字花科#族:芸苔族#属:芸薹属#种:甘蓝
佳尔三三六,#中文名:佳尔三三六#类    别:玉米#审定编号:国审玉2007008#选育单位:吉林省王义种业公司#品种来源:母本E221，父本吉853
今夏青,#中文名:今夏青#品种类别:莴笋#最重可达:单株最重可达0.4-0.9公斤#苗    龄:苗龄25-30天#生长环境:适宜全国大部分地区栽培
佳玉,#中文名:佳玉#品种类别:苦瓜#属    性:品种名称#审定编号:闽认菜2010004#成    熟:早熟杂交一代#研制人:福建省福州市蔬菜科学研究所
冀棉616,#中文名:冀棉616#作物类型:棉#审定编号:冀审棉2007001号#育成年份:2003年#审定时间:2007年3月审定通过#品种来源:亲本组合 ，冀棉20号
K优二一三,
克丰13号,#中文名:克丰13号#界:植物界#科:禾本科#属:小麦属#种:普通小麦#品    种:克丰13号
冀杂二号,#中文名:冀杂二号#审定编号:国审棉2007005#品种名称:冀杂2号#选育单位:河北省农林科学院棉花研究所
克丰一三号,
克单14,#中文名:克单14#母    本:KS23#父    本:KL613#原代号:克346
两优六三二六,
两优多系一号,
临奥九号,#中文学名:临奥九号#界:植物界#门:被子植物门Magnoliophyta #纲: 单子叶植物纲Liliopsida
临草2号,#中文名:临草2号#审定编号:晋审饲草（认）2010001 #申报单位:山西省农业科学院小麦研究所#审定编号:小黑麦WOH90/匈64
乐丰优329,#中文名:乐丰优329#作物种类:稻#审定年份: 2010#审定编号:川审稻2010　　007
乐豆1号,#中文名:乐豆1号#品种类别:大豆#审定编号:川审豆 2003 005#全生育期:121.8天左右
六陈,#中文名:六陈#文    献:《唐本草》#人    物:金·李东垣#性    质:中药
内二优六号,#中文名:内二优六号#品    种:籼型三系杂交水稻#选育单位:中国水稻研究所#品种来源:内香2A×中恢8006
内葵杂3号,#中文学名:内葵杂3号#界:植物界#分布区域:≥10℃有效积温1900℃以上地区#审定编号:蒙审葵2003002号#选育单位:内蒙古农科院#品种来源:内蒙古农科院以75-33A为母本
N2优28,#中文学名:N2优28#界:植物界#纲:单子叶植物纲#科:禾本科
农业地球化学,#中文名:农业地球化学#外文名:agricultural geochemistry#释    文:与大农业相关的地球化学问题#作    用:土壤污染及其防治
农乐988,#中文名:农乐988#界:植物界#科:禾本科#属:玉蜀黍属#种:玉蜀黍#品    种:农乐988
农丰长茄,#中文名:农丰长茄#审定编号:粤审菜2012001#选育单位:广东省农业科学院蔬菜研究所#品种来源:蕉岭粗长-5/台浙长线茄
农华50,#中文学名:农华50#界:植物界#纲:单子叶植物纲#科:禾本科
农华9,#中文名:农华9#百粒重:39.2克#穗    长:23.8厘米#穗    轴:红色
农华101,#中文学名:农华101#界:植物界#门:被子植物门#纲:单子叶植物纲#目:禾本目#科:禾本科#亚    科:黍亚科#族:玉蜀黍族#属:玉蜀黍属#种:玉蜀黍#品    种:农华101
农友208西瓜,#中文名:农友208西瓜#特征特性:长势健壮，高抗枯萎病#栽培要点:露地或保护地栽培适宜#类    别:西瓜
农大3494,#中文学名:农大3494#界:植物界#审定编号:京审麦2011004#选育单位:中国农业大学#品种来源:农大3251/中优9507#亩    产:366.44公斤#适宜播期:9月25日～10月5日
农大3138,#中文名:农大3138#产量表现:亩产650—850kg#穗    位:140cm#株    高:320cm
Q优6号,#中文学名:Q优6号#属:稻属#分布区域:重庆和四川，云贵高原，长江流域审（认）定水稻区#研发公司:重庆市种子公司#优    点:茎秆粗壮，耐高温能力较强
乒乓葡萄,#中文名:乒乓葡萄#中文学名:乒乓葡萄#界:植物界#门:被子植物#纲:双子叶植物#亚    目:葡萄#科:葡萄#属:葡萄#分    布:日本
全优五二七,#中文名:全优五二七#品    种:全优527#品种审定编号:国审稻2007024#品种来源:全丰A×蜀恢527#编    号:2007024#平均天数:144.5天
农大棉9号,#中文名:农大棉9号#审定编号:冀审棉2011001号#选育单位:河北农业大学#亲本组合:农大156×农大20
三北一一,#中文名:三北一一#审定编号:国审玉2007022#选育单位:三北种业有限公司#品种来源:S0127，B0122
三青大棒香笋,#中文学名:三青大棒香笋#界:植物界#门:被子植物门(Angiospermae)#纲:双子叶植物纲(Dicotyledoneae)#亚    纲:菊亚纲(Asteridae)#目:菊目(学名Asterales)#科:菊科(Asteraceae)#亚    科:舌状花亚科#族:菊苣族、莴苣亚族#属:莴苣属(Lactuca L.)#种:莴笋
世纪甜,#中文名:世纪甜#审定编号:晋审菜(认)2010003#品种名称:世纪甜#申报单位:山西迪丰农业科技开发有限公司#选育单位:山西迪丰农业科技开发有限公司、#品种来源:从甜帅香瓜系选而成。
世纪137,#中文名:世纪137#株    高:95至105cm#叶片宽:1.6cm#结实率:80%
T301,#中文名:T301#认定编号:甘认葵2011012#引进单位:甘肃武威天马高新农业科技#品种来源:澳大利亚引进杂交种
T302,#中文学名:T302#界:植物界#种:T302#认定编号:甘认葵2011013
T优二七二,
T优一五,#中文学名:T优一五#界:植物界#审定编号:国审稻2007005#品种来源:T98A×R15
万吉晚包心大芥菜,#中文学名:万吉晚包心大芥菜#别    称:芥菜#界:植物界#种:万吉晚包心大芥菜
五优376,#中文名:五优376#审定编号:粤审稻2012010#选育单位:广东省农业科学院水稻研究所#品种来源:五丰A/广恢376
五优613,#中文名:五优613#编    号:粤审稻2011032#品种类型:籼型三系杂交水稻#品种来源:五丰A/粤恢613
五叶米冬瓜,#中文学名:五叶米冬瓜#二名法:Benincasa hispida#界:植物界#门:被子植物门(Angiospermae)#纲:双子叶植物纲#亚    纲:五桠果亚纲#目:堇菜目#科:葫芦科#族:冬瓜族、冬瓜亚族#属:冬瓜属#种:五叶米冬瓜
五优一三五,
先玉508,#中文名:先玉508#审定编号:国审玉2006043#选育单位:铁岭先锋种子研究有限公司#母    本:PH6WC#父    本:PH5AD#省级审定:辽宁省农作物品种审定委员会审定#省级审定时间:2005年
先玉696,
先玉698,#中文学名:先玉698#拉丁学名:Zea mays L.#界:植物界#科:禾本科#属:玉米#种:玉米
先玉738,#中文名:先玉738#审定编号:豫审玉2010002#选育单位:铁岭先锋种子#品种类别:玉米
先甜五号,#中文名:先甜五号#外文名: SK0005#品种类型 : 玉米#审定编号 : 桂审玉2003018号
兴农种子,
先正达408,
兴滇4号,#中文名:兴滇4号#类    别:白菜 #栽培要点:春播在3月底4月初#适宜地区:长江、黄河中下游诸省
兴滇一号,#中文名:兴滇一号#生长期:75天#株    高:40厘米#品种类别:白菜
Y两优689,
Y两优二零,
Y两优696,#中文名:Y两优696#品种审定编号:湘审稻2010016#作物种类:水稻#品种来源:Y58S×H696
一丰113,#中文名:一丰113#时    间:2006 年#生育期:120天左右#株    高:270厘米#成株叶片数:20 叶左右
优I1501,#中文名:优I1501#品种类型:水稻#品种审定编号:赣审稻2007037#选育单位:江西科源种业有限公司
元两优81,#中文名:元两优81#审定编号:粤审稻2012017#选育单位:湛江元丰农业科技有限公司#品种来源:元丰9828S/恢81
偃单8号,#中文名:偃单8号#单位选育:偃师市农业科学研究所#品种来源:偃101×偃043#审定编号:豫审玉2008013
中33,#中文名:中33#抗病性:条锈病免疫，轻感叶锈和白粉病#适宜地区:河南大部、皖北、鲁西南#栽培要点:播期不宜过早
中京优四七零,
中优早3号,#中文学名:中优早3号#界:植物界#门:被子植物门   Magnoliophyta#纲:单子叶植物纲   Liliopsida#目:禾本目   Poales#科:禾本科   Poaceae#属:稻属   Oryza#种:水稻#亚    种:中优早3号
中优161,#中文名:中优161#界:植物界#科:禾本科#属:稻属#种:稻#品    种:中优161
中农29号,#中文名:中农29号#审定编号:晋审菜(认)2010008#申报单位:中国农业科学院蔬菜花卉研究所#品种来源:151G×0559G#瓜    长:13～15cm左右
中作零二零一,
中作9017,#中文名:中作9017#株    高:95厘米左右#选育单位:中国农业科学院作物科学研究所#每穗颗粒数:130粒左右
中优早81,#中文名:中优早#中文学名:中优早81#界:植物界#门:被子植物门   Magnoliophyta#纲:单子叶植物纲   Liliopsida#目:禾本目   Poales#科:禾本科   Poaceae#属:稻属   Oryza#种:水稻#亚    种:中优早81
中华隐子草,#中文学名:中华隐子草#拉丁学名:Cleistogenes chinensis (Maxim.) Keng.#界:植物界#门:被子植物门#纲:单子叶植物纲#目:禾本目#科:禾本科#族:画眉草族#属:隐子草属#种:中华隐子草#果    期:8-9月
中南优510,#中文名:中南优510#审定编号:苏审稻201107#分    属:三系杂交中籼稻组合 #育种单位:苏中南种业科技有限公司
中原单32,#中文名:中原单32#品种类别: 玉米#品种名称: 中原单32#审定编号:宁审玉200205
中嘉早32号,#中文名:中嘉早32号#审定编号:浙审稻2006021#作物类别:早籼稻#是否转基因:否#原    名:03YK2#品种来源:01D1-1/G95-40//01D1-1
中棉所32,#中文名:中棉所32#作物类别:棉花品种#品种特性:转Bt基因中熟棉#省级审定:（1998）晋农品审字第280号#育种者:郭香墨、李根源、刘海涛、#育种者:张永山、强爱娣
中棉所33,#中文名:中棉所33#作物类别:棉花品种#品种特性:中熟棉#省级审定:（1998）晋农品审字第281号#育种者:张裕繁、刘全义、严根土#适宜地区:黄淮棉区中等和中等以上肥力棉田
中棉所35,#中文名:中棉所35#属    性:作物名称#作物类别:棉花品种#品种特性:中早熟棉#国家审定:国审棉990005#育种者:谭联望#育种者:刘正德、李运海、罗云佳、王红梅
中棉所34,#中文名:中棉所34#作物名称:中棉所34#育种者:王志华#省级审定:（豫1998）审证字第010号#品种特性:中熟棉#作物类别:棉花品种
中棉所36,#中文名:中棉所36#作物类别:棉花品种#品种特性:国审棉990007#国家审定:早熟棉#育种者:喻树迅、范术丽、黄祯茂、#育种者:原日红、余学科
中棉所38,#中文名:中棉所38#作物类别:棉花品种#属    性:作物名称#国家审定:国审棉990004#育种者:靖深蓉、邢朝柱、袁有禄、郭立平#育种者:郭三堆、王海林、刘少林、王海芹
中棉所40,#中文名:中棉所40#作物名称:中棉所40#育种者:郭香墨、刘海涛、张永山#省级审定:豫审棉2001002号#省级审定:鲁种审字[2001]016号，#品种特性:中熟棉
中棉所42,#作物名称:中棉所42#作物类别:棉花品种#品种特性:早熟棉#省级审定:豫审棉2002001#育种者:喻树迅、范术丽等#适宜地区:适宜在黄河流域等地
中棉所41,#中文名:中棉所41#审定编号:国审棉麻2002001#作物种类:棉花#选育单位:中国农科院棉花研究所
中早4号,#中文学名:中早4号#界:植物界#门:被子植物门   Magnoliophyta#纲:单子叶植物纲   Liliopsida#目:禾本目   Poales#科:禾本科   Poaceae#属:稻属   Oryza#种:水稻#亚    种:中早4号
中棉所39,#中文名:中棉所39#作物名称:中棉所39#育种者:靖深蓉、邢朝柱、郭立平、王海林#国家审定:国审棉20000002#品种特性:转Bt基因中熟杂交种#作物类别:棉花品种
中棉所43,#作物名称:中棉所43#作物类别:棉花品种#品种特性:中早熟棉#省级审定:豫审棉2003004等#权授权日:2009年1月1日#权授权号:CNA20050733.8
中棉所50,#中文名:中棉所50#界:植物界#门:被子植物门#纲:双子叶植物纲#目:锦葵目#科:锦葵科#族:木槿族#属:棉属#品    种:中棉所50#分布区域:河北，山东，河南等
中杂15号,#中文名:中杂15号#审定编号:晋审菜(认)2010006#申报单位:中国农业科学院蔬菜花卉研究所#抗病鉴定:高抗南方根结线虫
中棉所52,#中文名:中棉所52#界:植物界#科:锦葵科#属:棉属#种:陆地棉#品    种:中棉所52
中棉所44,#作物名称:中棉所44#作物类别:棉花品种#品种特性:中熟棉#省级审定:豫审棉2004004号等#权授权日:2009年1月1日#权授权号:CNA20050563.7
中棉所48,#中文名:中棉所48#作物类别:棉花#品种特性:中熟杂交种#省级审定:皖品审04100429
中棉所45,#中文名:中棉所45#株    高:82厘米#籽    指:11克#生育期:135天
中棉所51,#中文学名:中棉所51#界:植物界#科:锦葵科#属:棉属#种:陆地棉#品    种:中棉所51
中棉所55,#中文名:中棉所55#作物类别:棉花品种#省级审定:赣审棉2006007#育种者:杨代刚、周晓箭、孟清芹、王海凤#适宜地区:江西省及其周边相似生态区的棉区#生育期:126天
中棉所54,#中文名:中棉所54#作物类别:棉花品种#品种特性:转Bt基因中熟杂交种#省级审定:晋审棉2007001
中棉所59,#中文学名:中棉所59#界:植物界#种:中棉所59#省级审定:浙审棉2007003
中棉所57,#中文名:中棉所57#审定编号:国审棉2006009#品种名称:中棉所57#生物名称:中杂302#选育单位:中国农业科学院棉花研究所等
中棉所56,#中文名:中棉所56#审定编号:：豫审棉2006010#选育单位:：中国农业科学院棉花研究所#品种来源:：中9708×MR409
中棉所60,#中文名:中棉所60#审定编号:浙审棉2007002#品种名称:中棉所60#作物类别:棉花
中棉所58,#中文名:中棉所58#审定编号:国审棉2006015#转基因生物名:中501#品种来源:SGK中27×92-047后代系统选育而成
中棉所66,#中文名:中棉所66#审定编号:国审棉2008020#品种来源:中9018×中棉所45#选育单位:中国农业科学院棉花研究所#选育合作单位:中国农业科学院生物技术研究所
中棉所65,#中文名:中棉所65#作物品种:棉花#省级审定:皖棉2009001#适播期:4月上中旬#适宜推广区域:安徽省#品种特性:中熟杂交种
中棉所64,#中文名:中棉所64#界:植物界#门:被子植物门#纲:双子叶植物纲#目:锦葵目#科:锦葵科#族:木槿族#属:棉属#品    种:中棉所64#分布区域:山东、河北、河南等
中棉所70,#中文名:中棉所70#界:植物界#科:锦葵科#属:棉属#种:陆地棉#品    种:中棉所70
中棉所73,#中文学名:中棉所73#界:植物界#门:被子植物门#纲:双子叶植物纲#亚    纲:五桠果亚纲#目:锦葵目#科:锦葵科#属:棉属#种:中棉所73
中棉所68,#中文名:中棉所68#作物类别:棉花品种#品种特性:转Bt基因早熟杂交种#省级审定:豫审棉2008014
中棉所74,#中文学名:中棉所74#界:植物界#门:被子植物门#纲:双子叶植物纲(Magnoliopsida)#亚    纲:五桠果亚纲#目:锦葵目#科:锦葵科#族:木槿族#属:棉属#种:棉花#亚    种:中棉所74#分布区域:中国、美国、印度
中棉所75,#中文学名:中棉所75#界:植物界#门:被子植物门Magnoliophyta#纲:双子叶植物纲Magnoliopsida#目:锦葵目Malvales#科:锦葵科 Malvaceae#属:棉属 Gossypium
中江玉703,#中文名:中江玉703#审定编号:苏审玉201102#原    名:ZJ0703#品种来源:A489×A20
中油九八D,
中江红妍,#中文学名:中江红妍#别    称:西瓜#界:植物界#门:被子植物门Magnoliophyta#纲:双子叶植物纲Magnoliopsida#目:葫芦目 Cucurbitales#科:葫芦科Cucurbitaceae#种:西瓜种#分布区域:国内分布广泛#审定编号:苏审瓜201103
中玉50,#中文名:中玉50#释    义:一种玉米品种#株    型:半紧凑#适宜范围:东北、华北等地
中油桃8号,#中文学名:中油桃8号#界:植物界#门:被子植物#纲:双子叶植物#属:油桃属
中浙优86,#中文名:中浙优86#审定编号:浙审稻2007020#作物类别:杂交籼稻#品种来源:中浙A/T-86
中莲1A,#中文名:中莲1A#审定编号：:苏审稻201109#主茎总叶片数:16叶#株    高:87.1厘米#穗    长:20.3厘米
中育10号,#品种名称:中育10号#作物类别:小麦品种#省级审定:豫审麦2007005#育种者:杨兆生、闫素红、王俊娟、许红霞#申请号:20050411.8#审定编号:豫审麦2007005
中育6号,#中文学名:中育6号#别    称:95中44#界:植物界#门:种子植物门#亚    门:被子植物亚门#纲:单子叶植物纲#目:禾本目#科:禾本科#属:小麦属#种:小麦#分布区域:河南省北部、山东省中北部、山西省南部和河北省南部#品种来源:烟1604/中育3号
中迪985,#中文名:中迪985#界:植物界#科:禾本科#属:玉蜀黍属#种:玉蜀黍#品    种:中迪985
中育9号,#中文名:中育9号#省级审定:豫审麦2004020号#作物类别:小麦品种#育种者:杨兆生、闫素红、许红霞、王俊娟
中育12号,#中文名:中育12号#作物类别:小麦品种#省级审定:豫审麦2008003#育种者:杨兆生、闫素红#品种申请号:20080360.9#适宜范围:河南省北、中部
中黄36,#中文学名:中黄36#界:植物界#种:大豆#品种来源:遗-2为母本，Hobbit为父本#审定编号:2006001
中迪九八五,
中科11号,"#中文名:中科11号#外文名:In section 11#审定编号:国审玉2006034#选育单位:北京中科华泰科,河南科泰种业#品种来源:母本CT03 父本CT201#平均亩产:608.4公斤"
仲恺花10号,#中文名:仲恺花10号#审定编号:粤审油2012003#选育单位:仲恺农业工程学院#品种来源:汕油212/3B-21
仲紫糯1号,#中文名:仲紫糯1号#审定编号:粤审玉2012007#品种来源:N-4/N-7#选育单位:仲恺农业工程学院
有机蔬菜,#中文名:有机蔬菜#外文名:organic vegetable#特    点:无农药无化肥无激素无转基因#分    类:有机食品#优    点:安全营养健康#缺    点:基产地少，产品少，价格高
葫芦瓜,
黄金瓜,#中文学名:黄金瓜#别    称:香瓜#界:植物界#门:被子植物门#纲:双子叶植物纲#目:葫芦目#科:葫芦科#属:甜瓜属
南康甜柚,#中文名:南康甜柚#产地名称:江西省赣州市南康区#品质特点:芳樟香气，果肉脆嫩，化渣爽口#地理标志:国家质检总局地理标志产品#批准文号:国家质检总局公告2009年第41号#批准时间:2009年05月04日
南盛沙糖桔,#中文名:南盛沙糖桔#类    别:水果#产地名称:广东省云安县#品质特点:果肉爽脆、汁多、化渣、味清甜#地理标志:国家质检总局地理标志产品#批准文号:国家质检总局2010年第30号公告#批准时间:2010年4月6日
无核白鸡心,#中文学名:无核白鸡心#别    称:名森田尼无核#界:植物界#门:被子植物门#纲:双子叶植物纲#亚    纲:蔷薇亚纲#目:葡萄目#科:葡萄科#英文名: Centennial Seedless
早春红玉西瓜,#中文学名:早春红玉西瓜#界:植物界#门:被子植物门#纲:双子叶植物纲#科:葫芦科#属:西瓜属#种:早春红玉西瓜#分布区域:山东莒县陵阳镇，山东潍坊
开心果,
奥冠红梨,#中文学名:奥冠红梨#界:植物界#门:被子植物门#亚    门:被子植物亚门#纲:双子叶植物纲#目:蔷薇目#科:蔷薇科#属:苹果属#种:梨#分布区域:山东聊城市、冠县、茌平
红考密斯,#中文学名:红考密斯#界:植物界#门:被子植物门#纲:双子叶植物纲#科:葫芦科#属:葫芦属
宁引五号,#中文学名:宁引五号#界:植物界#门:被子植物门 Magnoliophyta#科:梨
新西兰红梨,#中文学名:新西兰红梨#分布区域:新西兰，中国河南虞城县#外    观:果面鲜红、晶莹光亮，果形端正#风    味:果肉细腻、酥脆多汁，酸甜可口
友谊1号,#中文名:友谊1号#研    究:王述源#鉴评验收命名:省农作物品种审定委员会组织#生长习性:鲜冻两用#亩    产:1215公斤
早红考密斯,#中文学名:早红考密斯#界:植物界#门:被子植物门（Angiospermae）#纲:木兰纲（Magnoliopsida）#亚    纲:蔷薇亚纲（Rosidae）#目:蔷薇目（Rosales）#亚    目:蔷薇亚目（Rosineae）#科:蔷薇科（Rosaceae）#亚    科:苹果亚科（SubFam.Maloideae）#属:梨属（Pyrus）#种:早红考密斯
早佳梨,#界:植物界#门:被子植物门#纲:双子叶植物纲#目:蔷薇目#科:蔷薇科#属:梨属
齐甜一号,#品种类别:西瓜#品种名称:齐甜一号#审定编号: 国审菜980008#品种来源:铁巴青中系统选育
北农福田,#中文学名:北农福田#界:植物界#门:被子植物门 Angiospermae#纲:双子叶植物纲(Dicotyledoneae)#亚    纲:五桠果亚纲 Dilleniidae#目:葫芦目 Cucurbitales#亚    目:堇菜目(Violales)#科:葫芦科 Cucurbitaceae#族:冬瓜族、冬瓜亚族#属:西瓜属 Citrullus#种:西瓜 C. lanatus
宝凤,#中文名:宝凤#拼    音:bǎo fèng#词    义:指凤凰形的装饰品
富莱特,#中文学名:富莱特#界:植物界#门:被子植物门#纲:双子叶植物纲(Dicotyledoneae)#亚    纲:五桠果亚纲(Dilleniidae)#目:堇菜目(Violales)#科:葫芦科(Cucurbitaceae)#族:冬瓜族、冬瓜亚族#属:西瓜属(Citrullus)#种:西瓜#亚    种:富莱特#分布区域:北京地区种植
航兴天秀2号,#中文名:航兴天秀2号#审定编号:京审瓜2011003#选育单位:大兴区农业科学研究所#品种来源:S-5×05-3
航兴天秀1号,#中文名:航兴天秀1号#品种作物:西瓜#审定编号:京审瓜 2011002#选育单位:大兴区农业科学研究所#品种来源:SW-3×FW-5 
红小玉,#中文学名:红小玉#界:植物界#门:被子植物门#纲:双子叶植物纲#目:葫芦目#科:葫芦科#属:西瓜属#种:红小玉
黑翡翠,
金太阳无籽一号,#中文学名:金太阳无籽一号#界:植物界#纲:双子叶植物纲#科:葫芦科
吉福二号,#中文名:吉福二号#品种来源:大庆市庆农西瓜研究所1995年育成#亲本组合:WY106×WH828#审定情况:2002年通过北京市审定
京博一号,#中文名:京博一号#生育期:75天#重    量:5—6公斤，最大10公斤#品    种:早熟西瓜中的优良品种
绿明珠,#中文学名:绿明珠#界:植物界#作物种类:西瓜#品种认定编号:闽认瓜2009002#引进单位:福州市农业科学研究所#品种来源:台湾
荃抗绿霸,#中文名:荃抗绿霸#界:植物界#科:葫芦科#属:西瓜属#种:西瓜#品    种:荃抗绿霸
瑞宏,#界:植物界#门:被子植物门#纲:双子叶植物纲#目:葫芦目#科:葫芦科#属:西瓜属
荃抗8号,#中文名:荃抗8号#认定编号:甘认瓜2011006#引种单位:兰州市城关区兴农种子经营部#全生育期:108天左右
日本丽都,#中文学名:日本丽都#界:植物界#门:被子植物门#纲:双子叶植物纲#目:西瓜目#科:西瓜科#属:西瓜属
无籽红蜜,#中文学名:无籽红蜜#属:西瓜#土    壤:砂质壤土#温    度:25～30℃#生态习性:陆生植物#水    分:耐旱#毒    性:无毒
小玉无籽,#中文学名:小玉无籽#审定编号:苏审瓜201104#年    份:2006年#来    源:江苏省农业科学院蔬菜研究#配    组:HN24-451×HN24-WS-1#品    种:早中熟红瓤小果型无籽西瓜品种
西瓜焦腐病,#中文名:西瓜焦腐病#即:病原菌的分生孢子器#通    常:从蒂部开始果皮局部变褐#大    小:21．3-26．3×12．5微米
西瓜煤污病,#别    称:西瓜煤污病#多发群体:西瓜#常见发病部位:叶片#常见症状:发病初期叶片上产生灰黑色或炭黑色菌落，呈煤污状，初零星分布在叶面局部或叶脉附近
西瓜终极腐霉猝倒病,#中文名:西瓜终极腐霉猝倒病#病原中文名:瓜果腐霉和德里腐霉#病原分类地位:鞭毛菌亚门#病原类型:真菌#主要危害作物:西瓜#主要为害部位:茎基部#主要发生:华南4-5月雨季
西瓜绵腐病,#中文名:西瓜绵腐病#主要危害作物:西瓜#主要为害部位:果实
西瓜花腐病,#中文名:西瓜花腐病#多发地区:南方西瓜栽培区#发病部位:害幼果脐部的残花#防范措施:加强西瓜田管理等#结    果:呈水渍状软腐#表    现:灰白色绵毛状物等
西瓜蔓枯病,#中文名:西瓜蔓枯病#病原中文名:瓜类球腔菌#病原拉丁学名:Mycosphaerlla melonis#病原分类地位:子囊菌亚门#病原类型:真菌#主要危害作物:西瓜，洋香瓜，白兰瓜，哈密瓜，南瓜，黄瓜#拼    音:xi gua man ku bing#流行区域:全国各地均有发生#危    害:造成病株提早死亡而减产
西瓜细菌性角斑病,#中文名:西瓜细菌性角斑病#病原中文名:丁香假单胞杆菌#病原拉丁学名:Pseudomonas syringae#病原类型:细菌#主要危害作物:西瓜#主要为害部位:叶、叶柄、茎、卷须及果实#传播途径:风雨、昆虫和农事操作进行传播
鑫福金太郎,#中文名:鑫福金太郎#外文名:不详#生长期:21天左右#特征特性:果实圆形，极早熟#母体来自:日本
喜春,#中文名:喜春#审定情况　:京审瓜2003001#平均亩产:1603.44公#全生育期:85-90天
雪峰红宝无籽,#中文名:雪峰红宝无籽#品种类别:西瓜#审定编号:湘审瓜2010001#品种来源:湖南省瓜类研究所#种植区域:该品种适宜于湖南省种植
浙蜜6号,#中文名:浙蜜6号#审定编号:浙审瓜2011002#选育单位:浙江大学农业与生物技术学院#品种来源:RYX-1×RZM-5
郑抗无籽5号,#中文名:郑抗无籽5号#全生育期:110天左右#果实发育期:32～35天#亩产量:5000㎏
郑抗无籽3号,#中文名:郑抗无籽3号#品种来源:中国农业科学院郑州果树#审定情况:国审菜2002051#正    文:郑抗无籽3号（花皮无籽3号
郑抗无籽1号,#中文名:郑抗无籽1号#别    称:花皮无籽2号#品种来源:中国农业科学院#审定情况:国审菜2002031
中京1号,#中文名:中京1号#审定编号:京审瓜 2011008#选育单位:昌邑区四海蔬菜种子销售中心#品种来源:W2001-5×S2001-3
郑抗新一号,#中文名:郑抗新一号#品种认定编号:闽认瓜2011004#作物种类:西瓜#品种来源:中国农科院郑州果树研究所
州职一号,#中文学名:州职一号#界:植物界#门:被子植物门#纲:双子叶植物纲
郑果5506,#品种名称:郑果5506#选育单位:中国农业科学院郑州果树研究所#审定编号:豫审西瓜2003001#品种来源:母本：96B90，父本：96B72
扁豆绵疫病,#中文名:扁豆绵疫病#主要危害作物:扁豆，洋扁豆荚#主要为害部位:豆荚、幼枝、花和叶
碧龙一号,#中文名:碧龙一号#外文名:Blue dragon 1#也  称:胡瓜、青瓜#种  类:葫芦科植物#分  布:中国各地
白玉春,
春优5号黄瓜,#中文名:春优5号黄瓜#株    高:2～2.5米#瓜    长:35厘米左右#单瓜重:200克左右
朝优4号,#中文名:朝优4号#特    性:抗病性强#种植期:春、秋露地种植#一般亩产:6000-8000公斤
菜豆细菌性疫病,#中文名:菜豆细菌性疫病#别    名:细菌病#主要危害作物:豆荚#主要为害部位:侵染叶、茎蔓
超人一号,#中文名:超人一号#类    型:黄瓜品种#特    点:生长健壮，抗性好等#栽培条件:大棚及陆地栽培
长春大型春萝卜,#中文学名:长春大型春萝卜#界:植物界#门:被子植物门#纲:双子叶植物纲#目:白花菜目#科:十字花科#属:萝卜属#分布区域:华北地区
东升满堂红萝卜,#中文学名:东升满堂红萝卜#界:植物界#门:被子植物门#纲:双子叶植物纲#科:十字花科#属:萝卜属
大红袍荸荠,#中文名:大红袍荸荠#界:植物界#科:沙草科#别    名:地栗、马蹄#株    高:90～110厘米#生长期:160天#抗逆性:强#亩    产:2000公斤
反季节蔬菜,#中文名:反季节蔬菜#外文名:A kind of amaranth#气候要求:气候温暖、阳光充足#注意事项:采取防寒措施#目    的:保证蔬菜周年供应
富春大根,#中文学名:富春大根#界:植物界#门:被子植物门#纲:双子叶植物纲#种:富春大根#分布区域:适宜北京地区冬季温室、春季拱棚或露地栽培种植。
甘蓝菜,#中文学名:甘蓝菜#别    称:卷心菜、洋白菜、高丽菜、椰菜#二名法:BrassOleracea-L.Var.capitataL#界:植物界#门:被子植物门Angiospermae#纲:双子叶植物纲Dicotyledoneae#亚    纲:五桠果亚纲#目:白花菜目#科:十字花科#族:芸薹族#属:芸薹属#种:甘蓝菜#分布区域:原产於地中海沿岸
沪油15,#中文名:沪油15#界:植物界#科:十字花科#属:芸苔属#种:芸苔属#品    种:沪油15
玲珑脆,#中文学名:苦瓜#拉丁学名:balsam pear#别    称:凉瓜，锦荔枝#界:植物界#门:被子植物门#纲:双子叶植物纲#目:葫芦目#科:葫芦科#属:苦瓜属#分布区域:主要分布在北方
罗马直立生菜,#中文学名:罗马直立生菜#界:植物界#门:被子植物门#纲:双子叶植物纲#亚    纲:合瓣花亚纲 #目:桔梗目#科:菊科#形    态: 早熟直立散叶品种，叶片绿色#全生育期:60天左右
辽茄五号--茄子,#中文名:辽茄五号--茄子#纵    径:18厘米#横    径:8厘米#平均单果重:300克
冕宁红萝卜,#中文学名:冕宁红萝卜#界:植物界#门:被子植物门#纲:双子叶植物纲#种:冕宁红萝卜#分布区域:四川省冕宁县
宁油16号,#中文名:宁油16号#母    本:扬油１号、３１５１#父    本:镇８９０１#选育单位:江苏省农科院经
欧粉一号,#中文名:欧粉一号#原    名:番茄 #单果重:250—400g#年产量:28000—32000斤
清白早黄瓜,#中文学名:清白早黄瓜#界:植物界#门:被子植物门#纲:双子叶植物纲#亚    纲:五桠果亚纲#目:堇菜目#科:葫芦科#属:黄瓜属
青海大红番茄,#中文学名:青海大红番茄#界:植物界#门:被子植物门#纲:双子叶植物纲#族:茄族#属:番茄属
穗新1号,#中文名:穗新1号#果    长:16～25厘米#瓜肩宽:5.5～6厘米#种    类:瓜类
蔬菜大棚,#中文名:蔬菜大棚#外文名:Vegetable greenhouse#拼    音:shu cai da peng#定    义:具有出色保温性能的框架覆膜结构#好    处:使人可以吃到反季节蔬菜#又    指:蔬菜大棚商务
铁椒1号,#中文学名:铁椒1号#界:植物界#纲:双子叶植物纲#科:茄科#属:辣椒属
无公害蔬菜,#中文名:无公害蔬菜#优    点:有害物质在国家规定范围内#基本标准:指没有受有害物质污染的蔬菜#领    域:农业
夏棠1号,#中文名:夏棠1号#主题关键词:丝瓜 瓜类 蔬菜#特征特性:耐热，耐涝，耐肥#适宜范围:适于广东省种植
新红胡萝卜,#中文学名:新红胡萝卜#界:植物界#门:被子植物门#纲:双子叶植物纲#目:伞形目#科:伞形科#属:胡萝卜属
新杂1号,#中文名:新杂1号#适宜范围:江苏南通、淮阴、连云港等地#母    本: 74-18#父    本: 唐山秋瓜
线杂1号,#中文名:线杂1号#主题关键词::瓜类 蔬菜 黄瓜#品种来源:江苏农学院园艺系育成的一代杂种#特征特性:植株生长势中等，主蔓结瓜
鑫福冬棚黄瓜,#中文学名:鑫福冬棚黄瓜#界:植物界#门:被子植物门#纲:双子叶植物纲#目:堇菜目#科:葫芦科#属:黄瓜属
鑫福秋棚黄瓜,#中文学名:鑫福秋棚黄瓜#界:植物界#门:被子植物门#纲:双子叶植物纲#目:葫芦目#科:葫芦科#属:黄瓜属#种:鑫福秋棚黄瓜
雪参果,#中文学名:雪参果#别    称:天地果（芍）豆薯#界:植物界#分布区域:非洲、墨西哥、台湾#性    质:缠绕性草质藤本植物#原    产:非洲、墨西哥
鑫福高抗巨丰199黄瓜,#中文名:巨丰199#来    源:沈阳市科普园艺研究所#特    点:中熟品种，瓜色深绿有光泽#适宜区域:海南，广东，广西等
中农7号,#中文名:中农7号#主题关键词:瓜类 蔬菜 黄瓜#适宜范围:适于华北、西北#延迟采收:7～10天
扬州长白芹,#中文名:扬州长白芹#主题关键词:水生菜类 水芹 蔬菜#品种来源:江苏省地方品种#间    距:3～6厘米
湘杏98,#品种名称:湘杏98#品种类别:杏鲍菇#审定编号:XPD001-2010#品种来源:湘杏×闽杏#培育单位:湖南省食用菌研究所#种植区域:该品种适宜于湖南省种植
夏秀2000,#中文名:夏秀2000#属    性:品种名称#类    型:高温型#品    种:蘑菇#来    源:双环蘑菇杂交#选育单位:浙江省农业科学院园艺研究所
加工菜豆1号,#中文学名:加工菜豆1号#界:植物界#分布区域:四川菜豆主产区#品种名称:加工菜豆1号#审定编号:川审蔬2009 015#品种来源:四川农业大学
奥两优76,#中文学名:奥两优76#界:植物界#种:水稻#类    型:两系杂交中熟中籼#品种审定编号:湘审稻2010011#品种来源:奥龙1S×奥R76
博II优668,#中文名:博II优668#审定编号 :琼审稻2007003#作物种类:水稻#选育单位:海南神农大丰种业科技有限公司
奥两优二八,#中文学名:奥两优二八#界:植物界#科:禾本科#审定编号:国审稻2007027#选育单位:化奥谱隆作物育种工程研究所#品种来源:奥龙1S×R28
炳1A,#中文名:炳1A#品种审定编号:湘审稻2010044#作物种类:水稻#选育单位:湖南杂交水稻研究中心
博优云三,#中文名:博优云三#审定编号:粤审稻2010028#选育单位:广东华茂高科种业有限公司#品种来源:博A/茂恢云三
博优820,#中文学名:博优820#界:植物界#种:博优820#审定编号:桂审稻2010022号
白粳1号,#中文名:白粳1号#生育期:131天左右#活动积温:2650℃#注意事项:氮肥过大容易造成倒伏
博优2155,#中文学名:博优2155#界:植物界#种:博优2155#审定编号:粤审稻2010031
C两优396,
川香3号,#中文名:川香3号#品种类型:优质高产中熟杂交香稻#审定编号:川审稻2003018#全生育期:142天左右
川香优2号,#界:植物界#属:稻属
春优二号,
楚粳27号,#中文名:楚粳27号#适合区域:保山市海拔1500—1800米稻区#引进试种:2003年#引进机构:保山市农科所
川优九五二七,
川香9838,#中文名:川香9838#全生育期:152天左右#抗倒伏力:强#抗稻瘟病:中
灿型杂交水稻,
川优75535,#中文名:川优75535#适    宜:四川省平坝、丘陵区#全生育期:153天#株    高:114.9厘米
川农优527,
川江优3号,#中文名:川江优3号#选育单位:四川发生水稻科技有限责任公司#适宜区域:长江上游，长江中#全生育期:154.6天
D奇宝优1号,#界:植物界#属:稻属
D优527,
鄂晚16,#中文名:鄂晚16#亩有效穗:26.2万#株    高:87.3cm#穗    长:14.3cm
eK优10号,#中文名:eK优10号#品种名称:eK优10号#品种类型:水稻#品种审定编号:赣审稻2007026#选育单位:江西省赣州市农业科学研究所#适宜地区:赣中南稻瘟病轻发区种植
eK优4号,#中文学名:eK优4号#界:植物界#门:被子植物门#纲:单子叶植物纲
富优二一,#中文名:富优二一#审定编号:国审稻2007025#选育单位:四川省嘉陵农作物品种研究中心#品种来源:富4A×R21
福优77,#中文学名:福优77#界:植物界#门:被子植物门 Magnoliophyta#纲:单子叶植物纲 Liliopsida#品种类型:籼型三系杂交水稻
福优晚3,#中文名:福优晚3#外文名:Fuyou 3#品种来源:福伊A/晚3#通过审核时间:2000年#平均产量:6.87t/公顷
福优964,#中文名:福优964#品种来源:福伊A/福恢964#通过审核时间:2000年#株    高:100cm左右
春江糯2号,#中文名:春江糯2号#研究机构:中国水稻研究所#育成时间:1996年#审定者:浙江省农作物品种审定委员会
菲优600,#中文名:菲优600#平均亩产:524.12公斤#碱消值:5.3#垩白度:6.6%
丰美占,#中文学名:丰美占#界:植物界#门:被子植物门 Magnoliophyta#纲:单子叶植物纲 Liliopsidac#亚    纲:鸭跖草亚纲Commelinidae#目:莎草目Cyperales#科:禾本科Gramineae#属:稻属
丰莉丝苗,#中文名:丰莉丝苗#科    高:102.2～104.6厘米#每穗总粒数:137.9～143.0粒#亩有效穗:17.8～18.7万#穗    长:19.0～20.6厘米#结实率:79.7%～80.4%，
富优2号水稻,#中文名:富优2号水稻#种    类:水稻#来    源:四川省#特    色:株型较紧凑，穗层整齐
辐优151,#品种名称:辐优151#培育单位:四川省江油市农业科学研究所等#品种来源:辐74A与江恢151组配#作物种类:水稻#公告号:CNA101558E#适宜地区:在海拔800m以下的中稻区
福龙两优863,#中文名:福龙两优863#区试名:福龙优863#品种审定编号:闽审稻2011F01（龙岩）#品种来源:福龙S2×龙恢863
丰登1号,#育成单位:湖北省黄冈市农业科学研究所#品种名:金优38#商品名:丰登1号#审定编号:鄂审稻2004011
丰丝占,#中文学名:丰丝占#界:植物界#审定编号:粤审稻2004005#选育单位:广东省农业科学院水稻研究所#品种来源:丰八占1号/珍丝占1号#平均亩产:416.15公斤（2003）
丰中占,#中文学名:丰中占#界:植物界#审定编号:粤审稻2006072#选育单位:广东省农业科学院水稻研究所#品种来源:中二软占/丰华占#全预期:128～130天
丰优128,#中文名:丰优128#所属种类:水稻#审定编号:粤审稻200117#审定年份:2001年#选育单位:广东省农业科学院水稻研究所#品种来源:粤丰A/广恢128
富优6号水稻,#中文学名:富优6号水稻#界:植物界#审定情况:桂审稻2005011号#全生育期:151.6天#产    地:广西
丰优丝苗,
富优1号水稻,#中文学名:富优1号水稻#界:植物界#穗着粒:168粒#结实率:85%
丰优638,#中文名:丰优638#品种类别:水稻#审定编号:渝审稻2010012#研究单位:四川省泸州金土地种业有限公司
丰两优晚三,#中文学名:丰两优晚三#界:植物界#门:被子植物门#纲:单子叶植物纲#目:禾本目#科:禾本科#属:稻属#种:稻
丰秀占,#中文学名:丰秀占#界:植物界#门:被子植物门#纲:单子叶植物纲#目:禾本目#科:禾本科#属:稻属
国稻9号,
广超丝苗,#中文名:广超丝苗#品种审定编号:琼审稻2007005#作物种类:水稻#选育单位:广东省农业科学院水稻研究所
桂农占,#中文学名:桂农占#界:植物界#门:被子植物门#纲:单子叶植物纲#目:禾本目#科:禾本科
国稻3号,#中文学名:国稻3号#界:植物界#门:种子植物门#亚    门:种子植物亚门#纲:单子叶植物纲#亚    纲:单子叶植物亚纲#目:禾本目#科:禾本科#属:稻属#分布区域:江西省、浙江省#原产地:中国
国稻1号,#界:植物界#属:稻属
冈优177,#中文名:冈优177#外文名:Gangyou 177#解    释:高产大穗型杂交水稻新品种#特征特性:产量高、质量好#栽培要点:适时早播、合理密植、合理施肥
谷优1259,#中文名:谷优1259#审定编号:韶审稻200903#选育单位:福建省三明市农业科学研究所#品种来源:谷丰A/明恢1259
冈优615,#中文名:冈优615#来    源:四川省水稻高粱研究#类    型:植物#性    质:新品种保护品种#是否转基因:否
广优2643,#中文学名:广优2643#界:植物界#门:种子植物门#亚    门:被子植物亚门#纲:单子叶植物纲#目:禾本目#科:禾本科#属:稻属#种:稻
华两优69,#中文学名:华两优69#界:植物界#原    名:华籼优5549#亩    产:579.8公斤#株    高:122.6厘米#全生育期:145天
固广占,#中文学名:固广占#别    称:水稻#界:植物界#门:被子植物门Magnoliophyta#纲:单子叶植物纲 Monocotyledoneae#目:禾本目 Graminales#科:禾本科 Gramineae#属:稻属#分布区域:广东省粤北以外稻作区
淦鑫203,#中文名:淦鑫203#界:植物界#科:禾本科#属:稻属#种:稻#品    种:淦鑫203
华优418,#中文名:华优418#适应范围:适宜在江苏省中籼稻地区种植。#全生育期:140.5天#株    高:123.2厘米
赣引5号,#中文名:赣引5号#品种类型:水稻#审定编号:赣审稻2007043#选育单位:江西省农业科学院水稻研究所
贵优2号,#中文名:贵优2号#品种类别:水稻#选育单位:贵大水稻研究所，贵州省种子总站#审定单位:贵州农作物品种审定委员会
合美占,#中文学名:合美占#界:植物界#门:被子植物门 Magnoliophyta#纲:单子叶植物纲 Liliopsidac#亚    纲:鸭跖草亚纲Commelinidae#目:莎草目Cyperales#科:禾本科Gramineae#种:水稻
淮优粳2号,#中文名:淮优粳2号#母本:金南凤#主要缺点:产量水平一般#抗逆性:好
黑珍米,#中文学名:黑珍米#界:植物界#门:被子植物门#纲:单子叶植物纲#目:禾本目#科:禾本科#种:水稻#分布区域:杭州
旱丰8号,#界:植物界#属:稻属
黄软占,#中文学名:黄软占#界:植物界#门:被子植物门#科:壳斗科#属:水稻属#品种来源:黄丝占/茉莉软占 #选育单位:广东省农业科学院水稻研究所
华优63,#中文名:华优63#审定编号:粤审稻2002006#选育单位:华南农业大学农学院#品种来源:Y华农A/明恢63
华优229,#中文名:华优229#审定编号:粤审稻2002003#株    高:104厘米#结实率:81.4%
华优8813,#中文名:华优8813#审定编号:粤审稻2002007#选育单位:华南农业大学农学院#品种来源:Y华农A/R8813（特青/287）#生育期:123天#株    高:96厘米
华优8830,#中文学名:华优8830#界:植物界#种:华优8830#审定编号:粤审稻2002005
黄秀占,#中文名:黄秀占#审定编号:粤审稻2010023#选育单位:广东省农业科学院水稻研究所#优    点:高产、抗性好、米质优和适应性广
华航31号,#中文学名:华航31号#界:植物界#种:华航31号#审定编号:粤审稻2010022
建优381,#中文学名:建优381#界:植物界#种:建优381#审定编号:粤审稻2010035
津粳优180,#中文学名:津粳优180#界:植物界#科:禾本科#属:稻属#种:津粳优180#品    种:津粳优180
津粳优一八零,
金优212,#中文名:金优212#审定编号:湘审稻2008043#选育单位:湖南希望种业科技有限公司#审定情况:2008年通过湖南省审定
金优583,#中文学名:金优583#界:植物界#生长期:一年生禾本科植物#株    高:约1.2m#土    壤:水稻土最好#湿    度:50～90%为宜
建优G2,#中文名:建优G2#审定编号: 粤审稻2010034#选育单位: 湛江神禾生物技术有限公司#品种来源: 建A/恢G2
京冬24号,#中文名:京冬24号#审定编号:京审麦2009001#选育单位:北京杂交小麦工程技术研究中心#品种来源：:京核951/原冬93（3）
金优975水稻,#中文名:金优975水稻#外文名:Jinyou 975 rice#属    性:水稻新品种#特    点:全生育期122天左右
金优966水稻,#中文名:金优966水稻#类    别:农作物#用    途:食用#特    性:早熟、产量高
金优725,#中文名:金优725#一般亩产:550-600公斤#结实率:83.8%#千粒重:27.48克#审定区域:川审、鄂审、皖品审#引种区域:渝、陕、豫、黔、广西引种
君优522,#中文名:君优522#审定编号:梅审稻2009001#曾用名:丛早优522#选育单位:广东省农科院水稻研究所
金稻138,#中文名:金稻138#品种审定编号:琼审稻2007012#作物种类:水稻#选育单位:广东省金稻种业有限公司
金冈优983,#品种名称:金冈优983#品种类别:水稻#审定编号:渝审稻2010010#选育单位:重庆辉煌农业发展有限公司#品种来源:金冈35A×丰恢983#适宜地区:重庆市海拔800米以下
吉粳800,#品种名称:吉粳800#品种类型:水稻#选育单位:吉林省农业科学院水稻研究所#培养人:张强、傅秀林#适应区域:吉林所有晚熟稻区#主要优点:高产、优质、抗逆性较强
金山优2155,#中文名:金山优2155#品种审定编号:韶审稻200901#品种来源:金山A-1/明恢2155#选育单位:广东粤良种业有限公司#早造全生育期:128-129天#栽培要点:适时播种，培育壮秧
津7优58,#中文学名:津7优58#界:植物界#纲:单子叶植物纲#科:禾本科#属:稻属#种:稻#品    种:津7优58
金优38,#中文名:金优38#界:植物界#科:禾本科#属:稻属#种:稻#品    种:金优38
津9优78,#中文名:津9优78#界:植物界#科:禾本科#属:稻属#种:稻#品    种:津9优78
荆楚优37,#品种名称:荆楚优37#品种类别:水稻#审定编号:渝审稻2010005#选育单位:湖北荆楚种业股份有限公司#品种来源:荆楚D8A×R37#适宜区域:重庆市海拔800米以下地区
今优223,#中文名:今优223#审定编号:粤审稻2002013#选育单位:中国农科院华南植物研究所#品种来源:今A/R223
金农丝苗,
嘉糯1优2号,#中文学名:嘉糯1优2号#界:植物界#纲:单子叶植物纲#科:禾本科#属:稻属#种:稻
聚两优751,#中文名:聚两优751#选育单位:广东省农业科学院水稻研究所#产品特征:高抗稻瘟病#产    量:471.7公斤
吉粳106,#中文学名:吉粳106#界:植物界#纲:单子叶植物纲#科:禾本科
津7优18,#中文名:津7优18#界:植物界#科:禾本科#属:稻属#种:稻#品    种:津7优18
两优2163,#中文名:两优2163#机    构:福建农科院稻麦所#时    间:1995年#来    源:光温敏核不育系SE21S与明恢63
科稻3号,#中文名:科稻3号#品种类型:中汕早熟杂交稻组合#全生育期:150.8天#株    高:92.5厘米左右
珞优八号,
陵两优942,#中文名:陵两优942#品种审定编号:湘审稻2010005#作物种类:水稻#品种来源:湘陵628S×怀94—2
龙优六七三,#中文学名:龙优六七三#界:植物界#门:被子植物门 Magnoliophyta#纲:单子叶植物纲#目:禾本目#科:禾本科#属:稻属
辽优0201,#中文名:辽优0201#适宜地区:沈阳、辽阳、铁岭、开原#选    育:辽宁省稻作研究所#时    间:2002
临籼22,#中文名:临籼22#审定时间:2005年#全生育期:156天#株    高:121cm
陵两优916,#中文学名:陵两优916#界:植物界#纲:单子叶植物纲#科:禾本科
两优2186,#中文学名:两优2186#界:植物界#种:两优2186#审定编号:韶审稻201006号
力丰优5059,#中文名:力丰优5059#审定编号:桂审稻2010009号#选育单位:广西兆和种业有限公司# 类型:感温型三系杂交水稻
灵优6602,#中文名:灵优6602#培育单位:广西桂穗种业有限公司#来源种:灵红A/R6602#审    定:广西区农作物品种审定
泸香8134,#品种名称:泸香8134#品种类别:水稻#审定编号:渝审稻2010004#选育单位:四川省农业科学院水稻高粱研究所#品种来源:泸香078A×泸恢134#适宜地区:重庆市海拔800米以下地区
陵优2号,#中文名:陵优2号#全生育期:154天#审定编号:渝审稻2008005#品种来源:陵1A×涪恢9802#作物品种:水稻#适宜区域:海拔800m以下地区
兰优7号,#中文名:兰优7号#审定编号:粤审稻2010032#选育单位:清华大学深圳研究生院#品种来源:兰A/α-7
满仓515,#中文名:满仓515#全生育期:134d左右#株    高:95至100cm#粒    长:长5.7mm
陵两优711,#中文名:陵两优711#审定编号:桂审稻2010018号#选育单位:湖南亚华种业科学研究院#品种来源:湘陵628S×华恢711#生育期:115天左右#主茎叶数:16叶#谷粒长:9.8mm#穗    长:23.1厘米#株    高:114.5厘米#平均亩产:2008年469.53公斤#适宜种植地区:广西省
闽科早55,#中文名:闽科早55#选育单位:福建省农科院#品种来源:78130/IR806-298-3-1-1-2杂#通过审核时间:1997年
麻姑米,#中文名:麻姑米#产    地:南城县麻姑山乡余家源村#价    值:参加印度“世界农业博览会”展品#别    名:银珠米
牡丹江28,#中文名:牡丹江28#品种原代号:牡97-1230#培育机构:黑龙江省农科院牡丹江农科所#培育时间:1993年#母    本:上育397#父    本:空育131
美油占,#中文学名:美油占#别    称:杂交水稻美油占#界:植物界#门:被子植物门#纲:单子叶植物纲#目:禾本目#科:禾本科#亚    科:禾亚科#属:稻属#种:水稻#亚    种:美油占#分布区域:广东省中南和西南稻作区
茉莉新占,#中文名:茉莉新占#选育单位:广东省农业科学院水稻研究所#产品特征:抗白叶枯病#产    量:平均亩产410.19公斤
牡丹江27,#中文名:牡丹江27#系代号:牡99—881#品种来源:越华为母本，与优质品种彩为父本#适宜区域:黑龙江省第二积温区插秧栽培#性    状:主蘖穗整齐，分蘖多等#抗逆性:抗病性好，抗倒伏等
农粳306,#中文名:农粳306#审定编号:蒙审稻2011001号#植    株:株型半紧凑#结实率:85.5%
N118S,#中文学名:N118S#界:植物界#品种审定编号:湘审稻2010049#作物种类:水稻
农两优云三,#中文名:农两优云三#品种类型:杂交稻#审定编号:粤审稻2009046#选育单位:广东华茂高科种业有限公司
宁粳44号,#中文名:宁粳44号#审定编号 : 宁审稻2010001#品种类型:杂交水稻品种#株高  : 101.2cm
宁粳43号,#中文学名:宁粳43号#品种类别:水稻#审定编号:宁审稻2009001#品种来源:宁夏农林科学院农作物研究所
宁粳4号,#中文学名:宁粳4号#界:植物界#门:被子植物门 Angiospermae#纲:单子叶植物纲 Monocotyledoneae#目:禾本目 Graminales#科:禾本科 Gramineae#亚    科:稻亚科 Oryzoideae#族:稻族 ORYZEAE#属:稻属#品    种:宁粳4号
培杂1303,#中文名:培杂1303#审定编号:琼审稻2007008#作物种类:水稻#选育单位:海南省三亚中种种业有限公司
培杂金康民,"#中文学名:培杂金康民#拉丁学名:Oryza sativa ,Oryza glaberrima#界:植物界#门:被子植物门#纲:双子叶植物纲#目:禾本目#科:禾本科#属:稻属#种:水稻#分布区域:东北地区、长江流域、珠江流域是水稻主产区。"
培两优93,#中文名:培两优93#选育单位:湖南省岳阳市农业科学研究所#品种类型:杂交水稻#通过审定时间:2002年、2004年分别通过湖南
培杂629,#中文名:培杂629#品种类型:水稻#选育单位:中国种子集团公司三亚分公司#品种来源:培矮64S×中种恢629
培杂620,#中文名:培杂620#全生育期:128天#选育单位:湛江海洋大学杂优稻研究室#品种来源:培矮64S/HR620（明恢63/湛8选）
培杂青珍,
培杂268,#中文学名:培杂268#界:植物界#种:培杂268#审定编号:粤审稻2003008
培杂南胜,#中文学名:培杂南胜#界:植物界#种:培杂南胜#审定编号:粤审稻200111
钱优0724,#中文名:钱优0724#栽培要点:注意稻瘟病的防治。#成穗率:71.5%#穗    长:23.2厘米
钱优0506,#中文名:钱优0506#界:植物界#科:禾本科#属:稻属#种:稻#品    种:钱优0506
Q优4108,#品种名称:Q优4108#品种类别:水稻#审定编号:渝审稻2010006#选育单位:重庆中一种业有限公司等#品种来源:Q4A×Q恢108#适宜地域:重庆市海拔800米以下地区
琼香两优1号,#品种名称:琼香两优1号#原    名:GHS/粤丰占#作物种类:稻#审定编号:琼审稻2004006#选育单位:海南省农科院水稻所#品种来源:琼香-1S×粤丰占
七丝银占,#中文学名:七丝银占#界:植物界#种:七丝银占#品种审定编号:韶审稻第200708号
全优2689,#中文名:全优2689#品种审定编号:韶审稻201004号#品种来源:全丰A/金恢2689#选育单位:福建农林大学作物科学学院和
庆优78,#中文名:庆优78#品种类别:水稻#审定编号:渝审稻2010007#品种来源:重庆中一种业有限公司#平均亩产:577.78公斤#适宜种植地区:重庆市海拔800米以下地区#播种时间:3月上旬#千粒重:29.36克#株高平均:111.38厘米
汕优016,#中文名:汕优016#增产稻谷:2.4亿kg#生产稻谷:40亿kg#审定时间:1991年
内5优5399,#中文学名:内5优5399#界:植物界#科:禾本科#属:稻属#种:稻#品    种:内5优5399
深优9512,#中文学名:深优9512#界:植物界#门:被子植物门#纲:单子叶植物纲#目:禾本目#科:禾本科#品种类型:籼型三系杂交水稻#品种编号:粤审稻2011033#品种来源:深95A/R8112#选育单位:清华大学深圳研究生院
深优9789,#中文名:深优9789#审定编号:粤审稻2011035#品种来源:深97A/R89#栽培技术:注意防治白叶枯病
苏两优124,#中文名:苏两优124#审定编号:苏审稻201104#适应范围:适宜在江苏省中籼稻地区种植#原    名:新两优124
水稻细菌性褐斑病,#中文学名:水稻细菌性褐斑病#拉丁学名:细菌性鞘腐病#危害作物:水稻
水稻叶鞘网斑病,#中文学名:柱枝双孢霉#拉丁学名:Cylindrocladium scoparium Morgan et Aoyaqi#界:真菌界#门:半知菌亚门#分布区域:中国南方稻区均有发生
水稻窄条斑病,#中文学名:稻尾孢#拉丁学名:Cercospora oryzae Miyake=C.janseana Miyake#界:真菌界#门:半知菌亚门#危害作物:水稻#为害部位:叶片
水稻紫鞘病,#中文学名:中华帚枝杆孢#拉丁学名:Sarocladium sinense Chen，Zhang et Fu.#界:真菌界#门:半知菌亚门
水稻叶尖枯病,#中文学名:稻生茎点霉#拉丁学名:Phoma oryzicola Hara=Phyllosticta oryzae Hara#界:真菌界#门:半知菌亚门真菌
水稻细菌性谷枯病,#中文学名:水稻细菌性谷枯病#分布区域:贵州省，台湾，日本#危害作物:水稻#为害部位:穗
水稻叶鞘腐败病,#中文学名:稻帚枝霉#拉丁学名:Sarocladium oryzae（Sawada）W.Gams.et Webster#界:真菌界#门:半知菌亚门#危害作物:水稻#为害部位:叶鞘
水稻霜霉病,#中文学名:大孢指疫霉水稻变种#拉丁学名:Sclerophthora macrospora（Saccardo）Thirumalachar，Shaw&Narasimhan var.oryzae Zhang&Liu#界:真菌界#门:鞭毛菌亚门
盛优8号,#中文学名:盛优8号#界:植物界#门:被子植物门Magnoliophyta#纲:单子叶植物纲
丝优318,#中文名:丝优318#品种类型:水稻#审定编号:韶审稻第200704号#品种来源:丝苗A/318#株    高:94.8—101.0厘米#穗    长:21.6—23.1厘米
深优9516,#中文名:深优9516#选育单位:清华大学深圳研究生院#产品特征:抗稻瘟病#产    量:平均亩产446.86公斤
汕优89,#中文名:汕优89#品种来源:福建农业大学作物遗传育种研究所#通过审定时间:1996年#品种类别:籼型杂交稻
盛优668,#中文名:盛优668#审定编号:粤审稻2011006#选育单位:广东省农业科学院水稻研究所#品种来源:盛世A/ 粤恢668
苏优22,#中文名:苏优22#保护公告号:CNA001562E#一般亩产:650公斤以上#全生育期:158天左右
神农303,#中文名:神农303#品种类型:水稻#品种来源:冈46A/R669#审定编号:黔审稻2005012号
三峡糯1号,#中文学名:三峡糯1号#界:植物界#种:三峡糯1号#审定编号:渝审稻2010013
沈农702,#中文名:沈农702#选育人:沈阳农业大学王进民教授#品种品类:水稻#审定单位:辽宁省作物审定委员会
汕优998,#中文名:汕优998#审定编号:粤审稻2002010#选育单位:广东省农业科学院水稻研究所#品种来源:珍汕97A/广恢998 
特优175,#中文名:特优175#品种审定编号:闽审稻2000009#品种来源:龙特甫A/N175#通过审核时间:2000年
特优590,#中文学名:特优590#界:植物界#种:特优590#审定编号:桂审稻2010011号
通丰8号,#中文名:通丰8号#界:植物界#科:禾本科#属:稻属#种:稻#品    种:通丰8号
通禾八三二,
特优128,#品种名称:特优128#品种类型:水稻#选育单位:广西壮族自治区藤县种子公司#引种单位:海南省农科院水稻所#品种来源:龙特浦A×R128#适宜区域:海南省各市县
T优682,#品种名称:T优682#审定编号:桂审稻2010003号#选育单位:广西博士园种业有限公司#品种来源:T98A×R682#作物类型:水稻#适宜区域:桂南稻作区早稻因地制宜
天优9918,#中文名:天优9918#品种类型:杂交稻#审定编号:粤审稻2009035#选育单位:广东省农业科学院水稻研究所#品种来源:天丰A/广恢9918
通糯203,#中文名:通糯203#属    性:杂交产品#品种来源:N148母本，2179为父本#生育期:140天#全生育积温:2850℃#穗    长:24CM#株    高:110CM#平均穗粒数:130粒#平均亩产:2004年519.1kg
特优209,#中文名:特优209#审定编号:琼审稻2007013#作物种类:水稻#选育单位:海南省海亚南繁种业有限公司
天丰优316,
泰丰优2213,#中文名:泰丰优2213#审定编号:粤审稻2011005#选育单位:广东省农业科学院水稻研究所#品种来源:泰丰A/ 广恢2213#适宜区域:粤北和中北#日产量:3.30～3.76公斤
天优3611,#中文名:天优3611#界:植物界#科:禾本科#属:稻属#种:稻#品    种:天优3611
特优6811,#审定编号:桂审稻2010015号#品种名称:特优6811#选育单位:广西农业科学院水稻研究所#品种来源:龙特甫A×R6811#作物种类:早稻#适宜地区:桂南、桂中作区作早稻种植
特优108,#中文名:特优108#品种类型:水稻#选育单位:海南海亚南繁种业有限公司#品种来源:龙特浦A×R108
天优航七,#中文名:天优航七#审定编号:粤审稻2010033#选育单位:华南农业大学#品种来源:天丰A/航恢七号
特优721,#中文学名:特优721#界:植物界#种:特优721#审定编号:粤审稻2002009
通院9号,#中文名:通院9号#品种作物:水稻#选育单位:吉林省通化市农业科学研究院 #母    本:通95-74 
特优6603,#中文名:特优6603#外文名:Teyou 6603#选育单位:广西桂穗种业有限公司#审定编号:桂审稻2010008号
武香粳14号,#品种名称:武香粳14号#作物种类:早熟晚粳#培育单位:江苏省武进稻麦育种场#播种时间:5月中下旬#生育期:153天左右#适宜地区:江苏及安徽的长江两岸等地
五山化稻,#中文学名:五山化稻#审定编号:粤审稻2010024#选育单位:广东省农业科学院水稻研究所#科    高:103.8～104.6厘米
协优218,#中文名:协优218#审    定:2003年3月4日#平均单产:7.37吨/公顷#特    点:胶稠度53mm
汕优122,#品种名称:汕优122#所属种类:水稻#审定编号:粤审稻200114#审定年份:2002#选育单位:广东省农业科学院水稻研究所#品种来源:汕A/广恢122
秀丰占5号,#品种名称:秀丰占5号#作物种类:水稻#选育单位:海南省农业科学院水稻研究所#品种来源:矮秀占/丰富占1号
籼128,#中文名:籼128#选育单位:福建省农科院#品种来源:78130x矮梅早3号#通过审核时间:1991年
籼型杂交水稻,#中文学名:籼型杂交水稻#界:植物界#门:被子植物门 Angiospermae#纲:单子叶植物纲 Monocotyledoneae#目:禾本目 Graminales#科:禾本科 Gramineae#亚    科:稻亚科 Oryzoideae#族:稻族 ORYZEAE#属:稻属 Oryza
协优962,#品种名称:协优962#作物类型:水稻#亩    产:443.95公斤#培养单位:江西省抚州市农业科学研究所
协优1492,#中文名:协优1492#栽培要点:稀播壮秧，秧龄30—40天#适宜地区:赣、浙、湘中南部#主要特征:茎秆粗壮，剑叶较宽直#全生育期:125—127天#千粒重 : 26—27g
徐优七三三,
先农13号,#中文名:先农13号#品种作物:水稻#审定编号:赣审稻2003020#选育单位:江西省宜春市农业科学研究所
新科2号,#中文名:新科2号#选育单位:福建省农业科学院稻麦研究所#作物类型:稻#通过审核时间:2003年
新优一八八,
徐68优201,#中文名:徐68优201#界:植物界#科:禾本科#属:稻属#种:稻#品    种:徐68优201
新丰占,#中文学名:新丰占#界:植物界#门:被子植物门#纲:单子叶植物纲#目:禾本目#科:禾本科#审定编号:粤审稻2010020#选育单位:佛山市农业科学研究所#品种来源:新软占/佛山油占
欣荣A,
欣荣08,#中文学名:欣荣08#界:植物界#属:水稻#种:欣荣08#品种审定编号:赣审稻2007031#选育单位:江西省种子公司
徐优502,#中文名:徐优502#界:植物界#科:禾本科#属:稻属#种:稻#品    种:徐优502
信丰优008,#品种名称:信丰优008#审定编号:桂审稻2010012号#选育者:罗敬昭#品种来源:信丰A×R008#作物品种:水稻#生育期:125天左右
湘优8817,#品种名称:湘优8817#审定编号:桂审稻2010002号#选育单位:湖南科裕隆种业有限公司#品种来源:湘菲A×湘恢8817#类    型:感温型三系杂交水稻#全生育期:113天左右
信旱优26,#中文学名:信旱优26#界:植物界#科:禾本科#属:稻属#种:稻#品    种:信旱优26
西优17,
协优950,#中文名:协优T950#外文名:协优950#作物类别:单季杂交晚籼稻#选育单位:中国水稻研究所#品种来源:协青早A/中恢T950#栽培要点:适期播种
湘丰优186,#中文名:湘丰优186#界:植物界#科:禾本科#属:稻属#种:稻#品    种:湘丰优186
小粒香占,#中文名:小粒香占#审定编号:粤审稻2010027#选育单位:佛山市农业科学研究所#品种来源:玉香油占/巴太香占
新两优326,#中文名:新两优326#原    名:两优326#品种审定编号:韶审稻200905#选育单位:安徽荃银高科种业股份有限公司#品种来源:2148S/YR326#科    高:104.2—113.1厘米#穗    长:22.4—22.6厘米#结实率:81.7—86.1%#千粒重:27.7—28.8克#垩白:粒率58%#垩白度:24.5%#直链淀粉:17.6%#平均亩产:512.73公斤（2007)#栽培要点:适时播种，培育壮秧#注意事项:栽培上要特别注意对稻瘟病的防治
徐稻4号,#中文名:徐稻4号#母本:镇稻88#位    置:江苏省徐州农科所水稻室#品    种:杂交#亩    产:636.2kg#增    产:8.1%
协优152,#中文学名:协优152#界:植物界#纲:单子叶植物纲#科:禾本科#属:稻属#种:稻#品    种:协优152
岳优99,#中文名:岳优99#培育单位:长沙市岳麓区希望农业研究#来    源:岳4A与望恢099#属    性:高产、优质、高抗三系晚籼
扬两优818,#审定编号:苏审稻201105#品种名称:扬两优818#品种类型:杂交中籼稻组合#适应范围:江苏省中籼稻地区
玉香油占,#中文名:玉香油占#研究所:广东省农业科学院水稻#适宜区域:广东省#受    体:三系不育系K18A
裕优132,#中文名:裕优132#审定编号:粤审稻2011034#选育单位:广州市金粤生物科技有限公司#品种来源:裕A/JY132
粤晶丝苗2号,#中文名:粤晶丝苗2号#作物种类: 稻#审定编号:粤审稻2006067#审定年份:2006#审定单位:广东#选育单位: 广东省农业科学院水稻研究所#品种来源:粤科占//五丰占/锦超丝苗#是否转基因:否
阳光香稻,#中文学名:阳光香稻#界:植物界#种:阳光香稻#审定编号:豫审稻2007002#选育单位:河南省漯河市阳光种业有限公司
银花占,#中文学名:银花占#界:植物界#门:被子植物门#纲:双子叶植物纲#种:银花占#分布区域:广东省
银晶软占,#中文学名:银晶软占#界:植物界#门:被子植物门#纲:百合纲#亚    纲:鸭跖草亚纲#目:莎草目#种:稻
豫谷11,#中文名:豫谷11#原    名:原名安2491#品种来源:矮88为母本、安472为父本杂交#培育单位:安阳市农科所#申鉴时间:2004#作物种类:谷子#鉴定编号:国鉴谷2004002
元丰6号,#中文名:元丰6号#穗    长:17—19cm#主    茎:15—16片叶#株    高:100cm左右
岳优七一二,
粤特13,#中文名:粤特13#审定编号: 粤审稻2011003#选育单位: 广东省农业科学院水稻研究所#类    型:感温型常规稻品种
甬优五号,
盐稻8号,#中文学名:盐稻8号#界:植物界#门:被子植物门#纲:单子叶植物纲#目:禾本目#科:禾本科
Y两优101,#中文学名:Y两优101#界:植物界#审定编号:粤审稻2009045#选育单位:广东省广州市农业科学研究所
粤优938,
盐稻9号,#中文名:盐稻9号#品种来源:武育粳3号X武运粳8号#审定时间:2001年#选育单位:江苏省沿海地区农科所
优I5759,#中文名:优I5759#作物种类:水稻#品种审定编号:琼审稻2007009#选育单位:广西大学
盐两优888,#中文名:盐两优888#界:植物界#科:禾本科#属:稻属#种:稻#品    种:盐两优888
粤农占,#中文学名:粤农占#界:植物界#审定编号:粤审稻2003002#选育单位:广东省农业科学院水稻研究所#品种来源:粤香占/丰矮占#亩    产:475.0公斤#全生育期:124～131天
扬籼优418,#中文名:扬籼优418#界:植物界#科:禾本科#属:稻属#种:稻#品    种:扬籼优418
源丰占,#中文学名:源丰占#界:植物界#门:被子植物门#纲:单子叶植物纲#目:禾本目#科:禾本科#属:禾本属
宜香4723,#中文名:宜香4723#品种审定编号:韶审稻200904#选育单位:四川省宜宾市农业科学院#品种来源:宜香1A/宜恢4723
粤优239,#中文学名:粤优239#界:植物界#种:粤优239#审定编号:粤审稻2003007
粤杂122,#中文学名:粤杂122#界:植物界#种:粤杂122#审定编号:粤审稻200115
宜香107,#中文名:宜香107#品    种:杂交#审定时间:2008年#育种公司:恩施州农科院、湖北清江种业公司#平均亩产:2006年592.14公斤#生育期:146.4天#每穗总粒数:122.8粒#千粒重:30.2克#穗    长:24.5厘米
毅优航1号,#中文名:毅优航1号#属    性:水稻品种#审定编号:桂审稻2010004号#选育单位:广西兆和种业有限公司
早粳占,#中文学名:早粳占#界:植物界#门:被子植物门#纲:双子叶植物纲#种:早粳占#编    号:粤审稻2011030#来    源:早银占/番粳籼#选育单位:佛山市农业科学研究所
杂草稻,#中文学名:杂草稻#拉丁学名:Oryza Sativa Linnaeus#别    称:野稻、杂稻、再生稻#界:植物界#门:被子植物门#纲:单子叶植物纲#目:禾本目#科:禾本科#族:稻族Oryzeae Dum#属:稻属Oryza Linn#分布区域:我国分布于广东、湖南、江苏、东北等水稻主产区
准两优199,#中文名:准两优199#审定编号:湘审稻2010028#作物种类:水稻#品种来源:准S×R199
株两优二一一,
郑稻一八号,
准两优一一零二,
株两优三零,
株25S,#中文名:株25S#培育单位:湖南省株洲市农科所#审定单位:湖南省农作物品格审定委员会#审定时间:2007年3
Z优272,#中文名:Z优272#品种类别:水稻#审定编号:渝引稻2010004#品种来源:四川确良种业有限责任公司
中早38,#中文名:中早38#审定编号:浙审稻2009038#作物类别:常规早籼稻#选育单位:中国水稻研究所
早花占,#中文学名:早花占#界:植物界#门:被子植物门 Magnoliophyta#纲:单子叶植物纲 Liliopsidac#亚    纲:鸭跖草亚纲Commelinidae#目:莎草目Cyperales#科:禾本科Gramineae#种:水稻
株两优4024,#中文名:株两优4024#界:植物界#科:禾本科#属:稻属#种:稻#品    种:株两优4024
振优1993,#中文学名:振优1993#界:植物界#审定编号:粤审稻2010030#品种来源:振丰A/汕恢1993
株两优1号,#中文名:株两优1号#选育单位:张少虎#品种类型:水稻#审定编号:赣审稻2007029#适宜地区:江西全省稻瘟病轻发区#品种来源:株1S×天恢1号杂交选配
中2优1286,#中文名:中2优1286#审定编号:皖稻2009002#育种单位:中国水稻研究所#品种来源:中2A×中恢1286
株两优16,#中文学名:株两优16#界:植物界#纲:单子叶植物纲#品种审定编号:赣审稻2007033
中优08,#中文名:中优08#品种类型:水稻#品种审定编号:赣审稻2007030#选育单位:江西省种子公司
奥弗兰甜玉米,#中文学名:奥弗兰甜玉米#界:植物界#审定编号:粤审玉2010012#选育单位:先正达种子（美国）公司
白雪丽人,#中文学名:白雪丽人#界:植物界#门:被子植物门(Angiospermae)#纲:单子叶植物纲(Monocotyledoneae)#亚    纲:鸭跖草亚纲(Commelinidae)#目:禾本目(Poales)#科:禾本科(Poaceae；Gramineae)#亚    科:黍亚科#属:玉蜀黍属(Zea)也称：玉米属#种:玉米 Z. mays
宝玉099,#中文名:宝玉099#品种类型:玉米#审定编号:桂审玉2008001号#选育者:罗晓、罗光福
帮豪58,#中文名:帮豪58#品种类型:玉米#审定编号:渝审玉2010002#品种来源:重庆帮豪种业，HY-20×HY-12
北农青贮318,#中文名:北农青贮318#品种来源:81631×H736760#审定编号:京审玉2011006#选育单位:北京农学院#品种来源:81631×H736760
超早大丽人糯玉米,#中文学名:超早大丽人糯玉米#界:植物界#门:被子植物门#纲:单子叶植物纲#目:禾本目#科:禾本科#亚    科:黍亚科#族:玉蜀黍族#属:玉蜀黍属#种:玉米
长玉16号,#中文名:长玉16号#品种认定编号:渝引玉2011005#选育单位:山西省农业科学院谷子研究所#原审定单位:山西省农作物品种审定委员会
承玉358,#中文名:承玉358#生育期:128天#活动积温:2750℃以上#公顷保苗:5.25万株
承玉10,#中文名:承玉10#类    型:杂交玉米#审定编号:冀审玉2004006号#培育公司:承德裕丰种业有限公司
脆甜糯5号,#中文名:脆甜糯5号#品种类型:玉米#审定编号:桂审玉2009015号#选育单位:广西南宁市桂福园农业有限公司
萃糯1号,#中文名:萃糯1号#品种类型:玉米#审定编号:桂审玉2008014号#选育单位:南京绿领种业有限公司
长单43,#中文名:长单43#品种类别:玉米#审定编号:渝引玉2010002#品种来源:山西省农业科学院谷子所
登海3721,#中文名:登海3721#株    高:280厘米#穗位高:135厘米#轴    粗:3.4厘米
登海3686,#中文名:登海3686玉米种#审定编号:国审玉2006041#选育单位:山东登海种业#品种来源:母本沈137，父本DH41来源于美国#成熟期:117～124天#种植密度:3000～3200株
丹玉86号,#中文名:丹玉86号#选育单位:丹东农科院#品种类型:玉米#生育期:127天
德玉18,#中文学名:德玉18#界:植物界#品种来源:北京德农种业有限公司　#亲本组合:SQ837×C005#审定情况:2004年2月审定通过　#审定编号:冀审玉2004007号#特征特性:幼苗叶鞘紫色
东单11号,#中文名:东单11号#产    量:平均亩产约685公斤#总淀粉:71.4%#种植密度:2800－3200株/亩
丹玉90号,#中文名:丹玉90号#育种单位：:丹东农科院#来源种：:丹599、丹T138#品    种:玉米
大金甜,#中文学名:大金甜#别    称:苞米#界:植物界#属:玉米#种:玉米#分布区域:广东省
福得二号,#中文名:福得二号#品种类别:玉米#选育单位: 四川省种子工程技术研究所#品种来源:Z0675/0151
富友一号,#中文名:富友一号#特征特性:审定品种#株    高:281厘米#百粒重:42.1克
福华甜,#中文学名:福华甜#别    称:福华甜玉米#界:植物界#门:被子植物门 Angiospermae#纲:单子叶植物纲 Monocotyledoneae#目:禾本目 Graminales#科:禾本科 Gramineae#亚    科:黍亚科 Panicoideae#族:玉蜀黍族 Trib. Maydeae#属:玉蜀黍属 Zea
丰禾3号,#中文名:丰禾3号#原代名:禾9016#选育单位:黑龙江省双城市丰禾玉米研究所#品种来源:K503为母本，以H891为父本育成#审定编号:黑审玉2006014#适应区域:黑龙江省第二、三积温带种植
丰垦白糯,#中文学名:丰垦白糯#分部环境:平原，高地均可种植#生态习性:一年生谷类植物#日    照:喜光照，短曰照作物#水    分:耗水量300—370立方米#温    度:积温在1800— 2800℃#审定编号:蒙审玉2011023号#品种名称:丰垦白糯#选育单位:内蒙古丰垦种业有限责任公司#品种来源:以FN-M为母本、FN-F为父本杂
桂单22号,#中文学名:桂单22号#界:植物界#纲:单子叶植物纲#科:禾本科
高玉811,#中文名:高玉811#审定编号:甘审玉2011009#选育单位:王廷三（个人）#品种来源:郑58选×海111
桂先822,#中文名:桂先822#品种类型:玉米#审定编号:桂审玉2008003号#种植密度:3400—3600株/亩#生育期:春季平均105天，秋季平均97天#适宜范围:广西壮族自治区全区
桂糯518,#中文学名:桂糯518#界:植物界#科:禾本科#属:玉蜀黍属#种:玉蜀黍#品    种:桂糯518
广花糯4号,#中文名:广花糯4号#品种类型:玉米#审定编号:粤审玉2009016#选育单位:广东省广州市农业科学研究所
广甜7号,#中文名:广甜7号#审定编号:粤审玉2010016#选育单位:广州市农业科学研究院#品种来源:ZT08-M/ZT01-F
桂甜566,#中文学名:桂甜566#界:植物界#科:植物科#种:桂甜566#审定编号:桂审玉2010016号
公主糯999,#中文名:公主糯999#品种类别:玉米#审定编号:渝审玉2010012#品种来源:BN23-1×BBM17#选育单位:四川丰禾种业有限公司#种植区域:重庆市海拔800米以下地区
高玉465,#中文学名:高玉465#界:植物界#门:被子植物门#纲:单子叶植物纲#目:禾本目#科:禾本科#亚    科:黍亚科
华糯8号,#中文名:华糯8号#审定编号:粤审玉2011002#选育单位:华南农业大学农学院#品种来源:糯-13/糯-135-1
航甜6号,#中文学名:航甜6号#界:植物界#审定编号:桂审玉2006018号#选育单位:广西亚航农业科技有限公司
黑糯玉米941,#中文名:黑糯玉米941#作物分类:玉米#生育期:120天，夏播105天#株高:180－240厘米
华金甜2号,#中文名:华金甜2号#品种类型:玉米#审定编号:粤审玉2009012#品种来源:HZ-9/JB-8
宏育203,#中文名:宏育203#界:植物界#科:禾本科#属:玉蜀黍属#种:玉蜀黍#品    种:宏育203
华美糯7号,#中文名:华美糯7号#审定编号:粤审玉2011003#选育单位:华南农业大学农学院#品种来源:Wx-20/Wx-36#亩种植数量:3200～3400株#春植生育期:85～91天
海珍,#中文名:海珍#审定编号:桂审玉2010017号#品种来源:海源都180×特珍663#作物品种:玉米#适宜地区:广西全区#采收时间:授粉后20-23天采收
华珍超甜玉米,#中文名:华珍超甜玉米#品种类型:玉米#株    高:150∽160厘米#穗    高:80∽90厘米
华龙玉8号,#中文名:华龙玉8号#品种类别:玉米#审定编号:渝引玉2010004#生育期:平均128.3天#选育单位:四川华龙种业有限责任公司#播种期:三月
惠甜5号,#中文名:惠甜5号#审定编号:粤审玉2010020#选育单位:惠州市农业科学研究所#品种来源:MS05-6/MH03-6
华试3号,#中文名:华试3号#选育单位:四川省农科院作物研究所#特征特性:生育期120天左右。株高256厘米#产量表现:增产变幅为9.5-16.3%
江玉608,#中文名:江玉608#审定编号:苏审玉201103#适应范围:适宜在江苏省夏播地区种植#类    型:玉米杂交品种
汉白玉大棒玉米,#中文学名:汉白玉大棒玉米#界:植物界#门:被子植物门#纲:单子叶植物纲#目:禾本目#科:禾本科#亚    科:黍亚科#族:玉蜀黍族#属:玉蜀黍属
金海702,#中文名:金海702#品种类别:玉米#品种名称:金海702#审定编号:津审玉2003001
金海5号,#中文名:金海5号#审定情况:2003年通过山东省、北京市审定#类    别:玉米种子#生育期:105天#株    高:245CM#千粒重:327克#轴    色:红色#抗    性:高抗倒伏
金源早247,#中文学名:金源早247#界:植物界#门:被子植物门(Angiospermae)#纲:单子叶植物纲(Monocotyledoneae)#亚    纲:鸭跖草亚纲(Commelinidae)#目:禾本目(Poales)#科:禾本科(Poaceae；Gramineae)#亚    科:黍亚科#属:玉蜀黍属(Zea)也称：玉米属#种:玉米 Z. mays
金湘甜4号,#中文名:金湘甜4号#品种类别:玉米#审定编号:湘审玉2010008#研究单位:湖南湘研种业有限公司
金耕甜2号,#中文学名:金耕甜2号#界:植物界#种:金耕甜2号#编  号:滇审玉米2010006号
晋饲育1号,#中文名:晋饲育1号#审定编号:2008022#品种来源:JP-1XPC723#选育单位:山西省农科院品资所
金凯5号,#中文学名:金凯5号#界:植物界#种:金凯5号#审定编号:甘审玉2011005
金骆驼335,#中文名:金骆驼335#亲本组合:金158×昌7-2#选育单位:河南金骆驼农业科技有限公司#审定编号:豫审玉2010026
嘉农18,#中文名:嘉农18#界:植物界#科:禾本科#属:玉蜀黍属#种:玉蜀黍#品    种:嘉农18
京科389,#中文名:京科389#界:植物界#科:禾本科#属:玉蜀黍属#种:玉蜀黍#品    种:京科389
京科甜158,#中文名:京科甜158#类    型:超甜型#品    种:甜玉米#审定编号:京审玉2011008#品种名称:京科甜158#选育单位:北京市农林科学院玉米研究中心#选育单位:北京农科玉育种开发有限责任公司
京早糯188,#中文学名:京早糯188#界:植物界#种:京早糯188#审定编号:京审玉2011010
京科糯598,#中文学名:京科糯598#界:植物界#门:种子植物门#纲:单子叶植物纲#审定编号:京审玉2011009#选育单位:北京市农林科学院玉米研究中心#品种来源:N39×N68
浚原单1号,#中文名:浚原单1号#审定编号:豫审玉2009021#品种来源:Z38×H75#夏播生育期:96天
京科青贮205,#中文学名:京科青贮205#界:植物界#种:京科青贮205#审定编号:京审玉2011005
金象一号,#中文名:金象一号#来    源:金象公司#生育期:春播150天，夏播105－110天#特    点:耐旱、抗倒伏
吉东28号,
金镶玉甜8号,#中文名:金镶玉甜8号#审定编号:粤审玉2010014#选育单位:广州市绿霸种苗有限公司#品种来源:京甜203/乳甜208
金茂甜6号,#中文名:金茂甜6号#审定编号:粤审玉2009014#选育单位:广东省江门市种业有限公司#品种来源:T10/D20
锦甜8号,#中文学名:锦甜8号#界:植物界#纲:单子叶植物纲#科:禾本科
吉农大115,#中文名:吉农大115#界:植物界#门:被子植物门#亚    门:被子植物亚门#纲:单子叶植物纲#目:禾本目#科:禾本科#族:玉蜀黍族#属:玉蜀黍属 #品    种:吉农大115#分布区域:辽宁东部山区、吉林中熟区等
金甜,#中文名:金甜#审定编号:桂审玉2010014号#品种来源:Z116×TN12#适应范围:广西全区#选育单位:广东省农科集团良种苗木中心#土壤肥力:中等以上
景丰甜1号,#中文名:景丰甜1号#审定编号:粤审玉2010017#生育期:74～75天#品    种:甜玉米
金银甜218,#中文名:金银甜218#审定编号:粤审玉2010009#选育单位:广州农宝种子有限公司#品种来源:银23/金2018
金珍甜3号,#中文名:金珍甜3号#审定编号:粤审玉2009009#选育单位:广东省广州农宝种子有限公司#品种来源:金2013/珍9405
科河28号,#中文学名:科河28号#界:植物界#种:科河28号#审定编号:甘审玉2011011
KX3564,#中文名:KX3564#审定编号:宁审玉2010004#全    株:19-20片叶#株    高:267cm#穗位高:99cm#出籽率:84.4%
科新8号,#中文名:科新8号#来    源:科学院遗传与发育生物学研究所#适宜地区:北京地区#适宜季节:夏季
鲁单9067,#中文名:鲁单9067#审定编号:宁审玉2010006#培育单位:山东省农科院玉米研究所#来    源:lx03-3×x03-2
鲁单818,#中文名:鲁单818#审定编号:鲁农审2010005号#育种者:山东省农业科学院玉米研究所#品种来源:Qx508/Qxh0121
锦甜10号,#中文名:锦甜10号#审定编号:粤审玉2010019#选育单位:珠海锦田农业发展有限公司#品种来源:美选-18/台选-99
绿色超人,#中文学名:绿色超人#别    称:绿色超人甜玉米#界:植物界#门:被子植物门 Angiospermae#纲:单子叶植物纲 Monocotyledoneae#目:禾本目 Graminales#科:禾本科 Gramineae
雷奥1号,#中文名:雷奥1号#界:植物界#门:被子植物门#纲:单子叶植物纲#目:禾本目#科:禾本科#族:玉蜀黍族#属:玉蜀黍属#品    种:雷奥1号
鲁种99118,#品种名称:鲁种99118#选育单位:山东省种子总公司#品种类型:玉米#保护编号:20040688.4#抗逆性:高抗茎腐病、黑粉病、矮花叶病#适宜区域:适宜黄淮海及其它适宜地区
柳糯9号,#中文学名:柳糯9号#界:植物界#门:被子植物门#纲:单子叶植物纲
利合16,
泸玉糯一号,#中文名:泸玉糯一号#选育单位:四川省农业科学院#审定号:川审玉2002 009#通过审核时间:2002年11月
绿星699,#品种名称:绿星699#作物种类:玉米#品种来源:玉米综合种陕综5号#选育单位:四川省农科院作物研究所等#审批编号:桂审玉2009001号
绿城133,#中文名:绿城133#品种类型:玉米#审定编号:桂审玉2008005号#选育者:罗敬昭
粒粒丰,#中文学名:粒粒丰#界:植物界#种:粒粒丰#审定编号:桂审玉2008009号
绿城789,#中文学名:绿城789#界:植物界#种:绿城789#审定编号:桂审玉2010001号
米卡多,#中文学名:米卡多#界:植物界#门:被子植物门#纲:单子叶植物纲#目:禾本目#科:禾本科#属:禾本科早熟禾属#审定编号:宁审玉2010005
美珍甜1号,#中文名:美珍甜1号#品种类型:玉米#审定编号:粤审玉2009013#选育单位:广东省广州市越秀区伟兴种子店
美玉5号,#品种名称:美玉5号#作物种类:玉米#审批编号:桂审玉2009010号#选育单位:海南绿川种苗有限公司#审批单位:广西壮族自治区品审会#适宜区域:广西壮族自治区全区种植
美玉糯13号,#中文学名:美玉糯13号#界:植物界#种:美玉糯13号#审定编号:粤审玉2011004    
辽科1号,#中文名:辽科1号#活动积温:2600℃左右#播种期:4月下旬至5月上旬#公顷保苗:5.50万株左右
闽甜107,#品种名称:闽甜107#选育单位:福建省农业科学院#育种人:耕作轮#品种来源:0059/0165#审批情况:福建省农作物品种审定委员#作物种类:玉米
农大95,#中文学名:农大95#界:植物界#亲本组合:F349×W222#审定情况:2004年2月审定通过
美玉3号,#中文名:美玉3号#作物品种:玉米#选育单位:海南绿川种苗有限公司#播种期:3月下旬到7月下旬#种植密度:4500株/亩左右#适宜区域:南京地区
农研2号,#中文名:农研2号#审定编号:京审玉2011004#品种来源:W7黄×24-14#选育单位:北京北农种业有限公司#选育单位:北京市农业技术推广站#品种名称:农研2号
农祥16,#品种名称:农祥16#品种类别:玉米#审定编号:渝审玉2010003#选育单位:重庆巨祥农业发展有限责任公司#品种来源:J8579×S16#适宜地区:重庆市海拔700米以下地区
瑞恒666,#中文名:瑞恒666#审定编号:桂审玉2006010号#来    源:自选系HS22-1X自选系F088#选育单位:广西瑞恒种业有限公司
人禾698,#中文学名:人禾698#界:植物界#门:被子植物门#纲:单子叶植物纲#亚    纲:鸭跖草亚纲#目:禾本目有资料把禾本科归莎草目#科:禾本科#亚    科:黍亚科#属:玉蜀黍属也称：玉米属#种:玉米#审定编号:蒙审玉2011012号#申请单位:通辽市人禾种业有限公司
瑞单8号,#中文学名:瑞单8号#界:植物界#种:瑞单8号#审定编号:桂审玉2008006号#选育者:周永康
苏科糯4号,#中文名:苏科糯4号#审定编号:苏审玉201106#释    义:玉米品种#类    型:中熟半紧凑型糯玉米
斯达204,#中文名:斯达204#界:植物界#科:禾本科#属:玉蜀黍属#种:玉蜀黍#品    种:斯达204
三北黑糯4号,#中文学名:三北黑糯4号#界:植物界#种:三北黑糯4号#审定编号:京审玉2011012
苏玉20,#中文名:苏玉20#育种机关:江苏省农业科学院粮食作物研究所#通过审定时间:2004年2月#审定编号:苏审玉200401#夏播平均亩产:472公斤#株    高:226cm左右#生育期:102天左右#适宜范围:江苏沿江沿海和苏皖淮河流域#千粒重:308g左右
三泰九,#中文名:三泰九#拼    音:san tai jiu#审定编号:蒙审玉2011016号#品种名称:三泰九#申请单位:喀喇沁旗三泰种业有限公司#选育单位:喀喇沁旗三泰种业有限公司
苏玉9号,#中文名:苏玉9号#培育机构:江苏省沿江地区农科#审定时间:1995年#特    征:　该品种出苗快，苗势强
天彩一号,#中文名:天彩一号#品种类别:玉米#特征特性:单穗重约250g，亩产鲜穗800#特    点:品质好，皮薄，糯甜，软糖
天彩二号,#中文名:天彩二号#株    高:210厘米#穗    位:100厘米#品种类别:玉米
三峡玉5号,#中文名:三峡玉5号#品种类别:玉米#审定编号:渝审玉2010008#研究单位:重庆三峡农业科学院
天池2号,#中文学名:天池2号#界:植物界#种:玉米#亚    种:天池2号#母    本:N21#父    本:N22
天鲜1号,#中文名:天鲜1号#审定编号:甘审玉2011013#选育单位:甘肃省天水市农业科学研究所#品种来源: B9×Z51
天润606,#中文名:天润606#品种类别:玉米#株    高:260厘米#选育单位:石家庄珏玉玉米研究所
田黑糯1号,#中文名:田黑糯1号#审定编号:粤审玉2006019#选育单位:广州市田园农业科技研究中心#品种来源:TMN07-3-5-7-9-2-1
田蜜3号,#中文名:田蜜3号#审定编号:粤审玉2008011#选育单位:广州市田园农业科技研究中心#品种来源:库尔-15/蜜泰-8
天玉198,#中文名:天玉198#品种类别:玉米#审定编号:渝引玉2010007#品种来源:成都天府农作物研究所
田蜜1号,#中文学名:田蜜1号#界:植物界#种:田蜜1号#审定编号:粤审玉2006017
泰科香雪糯,#品种名称:泰科香雪糯#品种类型:玉米#审定编号:桂审玉2009011号#选育单位:北京中农新泰科农业技术有限公司#品种来源:母本“白51”，父本“白59”#适宜区域:广西区种植，土壤肥力中等以上
田白甜66,#中文名:田白甜66#审定编号:粤审玉2010007#选育单位:广东田联种业有限公司#品种来源:蜜M3-8/田F1-11
天鲜2号,#中文名:天鲜2号#株    高:184厘米#穗位高:38厘米#穗    粗:5.0厘米
武科4号,#中文名:武科4号#审定编号:甘审玉2011003#品种来源:武6194×武8031#原代号:武试0804
旺禾8号,
兴花糯1号,#中文名:兴花糯1号#审定编号:京审玉2011011#选育单位:北京兴都农业技术研究所#品种来源:XY-8×BHN-1
雪玉糯6号,#中文名:雪玉糯6号#审定编号:闽审玉2011002#作物种类:玉米#品种来源:M247×B613
雪糯1号,#中文名:雪糯1号#株    高:220CM#穗    长:18－20CM#穗鲜重:300－350克
星糯808,#中文名:星糯808#审定编号:甘审玉2011012#选育单位:天津市农作物研究所#株    高:220厘米
鲜玉糯4号,
香白糯,#中文学名:香白糯#别    称:玉米#界:植物界#科:禾本科#分布区域:梅州、潮州、肇庆、清远、韶关等市
先甜5号,#品种名称:先甜5号#品种类型:玉米#审定编号:桂审玉2003018号#品种来源:母本为TWS7906，父本为TWM-32。
雪糯8号,#中文名:雪糯8号#百粒重:36.4g#品种类型:玉米#审定编号:桂审玉2008019号#选育者:王淑秋#出籽率:69.4%#培育公司:北京宝丰种子公司
渝单32号,#中文名:渝单32号#品种审定编号:渝审玉2011012#品种来源:B31-3×A36#选育单位:重庆市农业科学院玉米所
兴甜9号,#中文名:兴甜9号#审定编号:粤审玉2010022#选育单位:广州市兴田种子有限公司#品种来源:PS0295/SH5019
源育16,#中文学名:源育16#界:植物界#科:禾本科#属:玉蜀黍属#种:玉蜀黍#品    种:源育16
玉米交链孢叶斑病,#中文名:玉米交链孢叶斑病#病原中文名:细极交链孢#病原拉丁学名:Alternaria tenuissima（Kunze：Fr.）Wiltshire#病原分类地位:半知菌类（无性类）#病原类型:真菌#主要危害作物:玉米#主要为害部位:叶片#纲:丝孢纲#目:丝孢目#科:暗丛梗孢科#属:链格孢属
玉米丝核菌穗腐病,#中文名:玉米丝核菌穗腐病#病原中文名:立枯丝核菌#病原拉丁学名:Rhizoctonia solani Kühn#病原分类地位:半知菌类、丝孢纲、无孢目、无孢科、丝核菌属#病原类型:真菌#主要危害作物:玉米#主要为害部位:果穗
玉米叶鞘紫斑病,#中文学名:玉米壳二孢#拉丁学名:Ascochyta zeae Stout#界:真菌界#亚    门:半知菌亚门
玉米壳二孢叶斑病,#中文名:玉米壳二孢叶斑病#病原中文名:玉蜀黍壳二孢#病原拉丁学名:Ascochyta maydis Stout .#病原分类地位:真菌界、半知菌类（无性菌类）、腔孢纲、球壳孢目、球壳孢科、壳二孢属#病原类型:真菌#主要危害作物:玉米
玉米灰葡萄孢穗腐病,#中文名:玉米灰葡萄孢穗腐病#别    名:玉米灰霉病#病原中文名:灰葡萄孢#病原拉丁学名:Botrytis cinerea Pers.ex Fr.#病原分类地位:半知菌亚门真菌#病原类型:真菌#主要危害作物:玉米#主要为害部位:雌穗、叶片
玉米苗期立枯丝核菌根腐病,#中文学名:玉米苗期立枯丝核菌根腐病#拉丁学名:Rhizoctonia solani kühn#界:真菌界#病原中文名:立枯丝核菌#病原拉丁学名:Rhizoctonia solani kühn#病原分类地位:半知菌亚门#病害类型:真菌#主要为害部位:根部和茎基部
玉米赤霉病,#中文名:玉米赤霉病#病原中文名:燕麦镰孢#病原拉丁学名:Fusarium avenaceum（Fr.）Sacc.#病原分类地位:半知菌亚门真菌#病害类型:真菌
玉米附球菌叶斑病,#中文名:玉米附球菌叶斑病#拉丁学名 : Epicoccum nigrum Link#病害类型 : 真菌#主要危害作物 : 玉米
粤彩糯1号,#中文学名:粤彩糯1号#界:植物界#审定编号:粤审玉2009017#品种来源:N51-106/N61-36
玉米黑痣病,#中文学名:高粱黑痣菌#拉丁学名:Phyllachora sorghi Hohnel#界:真菌界#门:子囊菌亚门#危害作物:玉米#为害部位:叶片
益丰29号,#中文学名:益丰29号#界:植物界#门:被子植物门(Angiospermae)#纲:单子叶植物纲(Monocotyledoneae)#亚    纲:鸭跖草亚纲(Commelinidae)#目:禾本目(Poales)#科:禾本科(Poaceae；Gramineae)#亚    科:黍亚科#属:玉蜀黍属(Zea)也称：玉米属#种:玉米 Z. mays
玉美头168,#中文名:玉美头168#审定编号:桂审玉2006006号   #品种来源:CML161×克ML183#选育单位:广西壮族自治区玉米研究所
粤甜3号,#中文名:粤甜3号#研发单位:广东省农科院#所属行业:农业#品    种:甜玉米#研发时间:1997年
玉米粉红聚端孢穗腐病,#中文名:玉米粉红聚端孢穗腐病#病害类型:真菌#主要危害作物:玉米#主要为害部位:果穗
玉米大孢指疫霉疯顶病,#中文名:玉米大孢指疫霉疯顶病#病原中文名:大孢指疫霉玉蜀黍变种#病原拉丁学名:Sclerophthora macrospora（Sacc.）Thirum.#主要危害作物:玉米
玉米炭疽病,#中文名:玉米炭疽病#病原拉丁学名:Colletotrichum graminicola#病原类型:真菌#主要危害作物:玉米#主要为害部位:叶片#: #: #: #: 
玉米眼斑病,#中文名:玉米眼斑病#别    名: #病原拉丁学名:Kabatiella zeae#病原类型:真菌#主要危害作物:玉米#主要为害部位:叶
粤紫糯5号,#中文名:粤紫糯5号#审定编号:粤审玉2011001#选育单位:广东省农业科学院作物研究所#品种来源:N61-36/N62-99
玉米弯孢霉菌叶斑病,#中文名:玉米弯孢霉菌叶斑病#病原中文名:弯孢霉#病原拉丁学名:Curvularia lunata(Walker)Boedijn#病原分类地位:半知菌亚门真菌
玉米疯顶病,#中文学名:大孢指疫霉#拉丁学名:Sclerophthora macrospora（Sacc）Thirum.，Shaw et Naras#界:真菌界#门:鞭毛菌亚门#纲:卵菌纲#目:霜霉目#科:腐霉科#属:指疫霉属#为害部位:全株
玉米假黑粉病,#中文名:玉米假黑粉病#病原中文名:稻绿核菌#病原拉丁学名:Ustilaginoidea oryzae(Patou．)Bref=U．virens(Cke．)Tak．#病原分类地位:半知菌类（无性类）#病原类型:真菌#主要危害作物:玉米#主要为害部位:雄花序#目:瘤座孢目#科:瘤座孢科#属:绿核菌属#传播因子:种子
玉米纹枯病,#中文学名:立枯丝核菌#界:真菌界#亚    门:半知菌亚门#分布区域:中国辽宁、河北、四川、浙江等省#危害作物:玉米#为害部位:叶鞘、茎秆
玉米平脐蠕孢茎基腐病,#中文名:玉米平脐蠕孢茎基腐病#类    型:真菌#地理分布:中国各玉米产区普遍发生#主要寄主:玉米
玉米离蠕孢叶斑病,#中文名:玉米离蠕孢叶斑病#病害类型:真菌#主要危害作物:玉米#主要为害部位:叶片
玉米轮纹斑病,#中文学名:玉米轮纹斑病#别    称:玉米豹纹病#病原中文名:高粱胶尾孢#病原分类地位:半知菌亚门#病害类型:真菌#主要危害作物:玉米#主要为害部位:叶片
玉米南方锈病,#中文名:玉米南方锈病#外文名:southern corn rust#病原中文名:多堆柄锈#病害类型:真菌#主要危害作物:玉米
玉米镰刀菌苗枯病,#中文名:玉米镰刀菌苗枯病#主要危害作物:玉米#病原中文名:串珠镰刀菌，为禾谷镰刀菌#病原类型:真菌
玉米镰刀菌穗粒腐病,"#中文名:玉米镰刀菌穗粒腐病#主要危害作物:玉米#主要为害部位:果穗"
玉米色二孢穗腐病,#中文名:玉米色二孢穗腐病#病原中文名:玉米色二孢#病原拉丁学名:Diplodia zeae（Schw.）Lév.#病原分类地位:半知菌亚门真菌#病原类型:真菌#主要危害作物:玉米#主要为害部位:果穗
玉米枝孢穗腐病,#中文名:玉米枝孢穗腐病#病原中文名:多主枝孢#病原类型:真菌#主要危害作物:玉米
玉米细菌性茎腐病,#中文学名:玉米细菌性茎腐病#危害作物:玉米#为害部位:茎秆和叶鞘#病原名称:菊欧文氏菌玉米致病变种#病原类型:细菌
玉米细菌性条纹病,#中文名:玉米细菌性条纹病#病原中文名:芒草假单胞菌高粱细菌条纹病假单胞菌#病原类型:细菌#主要为害部位:叶片、叶鞘
玉米细菌性褐斑病,#别    称:玉米细菌性褐斑病#英文名称:Pseudomonas syringae pv.syringae Van Hall#多发群体:玉米#常见病因:丁香假单胞杆菌丁香变种#常见症状:黄褐色的椭圆形病斑
渝单25号,#中文名:渝单25号#品种类型:玉米#审定编号:桂审玉2009004号#选育单位:重庆市农业科学院玉米研究所#品种来源:NY75×3189#种植密度:亩植3200—3400株
雅玉89,#中文名:雅玉89#品种类型:玉米#审定编号:桂审玉2009006号#选育单位:四川省雅玉科技开发有限公司#品种来源:YA8201×F19#生育期:春季平均121天，秋季平均104天
玉草2号,#中文名:玉草2号#品种类别:玉米#选育单位:四川农业大学玉米研究所#适宜地区:四川平丘和山区
渝花糯7299,#品种名称:渝花糯7299#品种类别:玉米#审定编号:渝审玉2010013#品种来源:C7313×3388
渝青玉3号,#中文名:渝青玉3号#品种类别:玉米#审定编号:渝审玉2010011#品种来源:B31-3×P-64#选育单位:重庆市农业科学院玉米研究所#种植区域:重庆市浅丘和中高山地区
粤甜11号,#中文名:粤甜11号#界:植物界#科:禾本科#属:玉蜀黍属#种:玉蜀黍#品    种:粤甜11号
渝糯19,#中文名:渝糯19#品种类别：:玉米#审定编号：:渝审玉2010014#品种来源：:重庆市农业科学院玉米研究所
元华116,#中文名:元华116#界:植物界#科:禾本科#属:玉蜀黍属#种:玉蜀黍属#品    种:元华116
粤甜10号,#中文名:粤甜10号#审定编号:粤审玉2005007#品种来源:1022/794#选育单位:广东省农业科学院作物研究所#适宜地区:广东省#秋植生育期:76～77天
浙大糯玉3号,#中文学名:浙大糯玉3号#界:植物界#种:浙大糯玉3号#审定编号:浙审玉2011002
郑单988,#中文名:郑单988#是否含防腐剂:否#生育期:96天#株    型:半紧凑#株    高:255cm
中农大361,#中文学名:中农大361#界:植物界#种:中农大361#审定编号:桂审玉2008004号
中单579,#中文学名:中单579#界:植物界#种:中单579#审定编号:京审玉2011001
中糯301,#中文名:中糯301#品种类型:玉米#选育单位:中国农业科学院作物所#适宜区域:北京地区
资玉6号,#中文名:资玉6号#品种类别:玉米#审定编号:渝审玉2010004#品种来源:重庆辉煌农业，W599×L108
正红212,#中文学名:正红212#界:植物界#属:玉米#种:正红212#品种来源:四川农大正红种业有限责任公司#类    型:中熟杂交
珠甜3号,#中文名:珠甜3号#审定编号:粤审玉2010011#选育单位:广东省农业科学院蔬菜研究所#品种来源:华94/优67
正大14号,#中文名:正大14号#产品特征:抗大斑病#产    量:平均亩产602.3kg#适宜地区:华北等地
白燕7号,
单轴散生竹,#中文学名:单轴散生竹#界:植物界#门:被子植物门#纲:单子叶植物纲#亚    纲:禾本亚纲#目:禾本目#科:禾本科#亚    科:禾本亚科
丰优989,#中文名:丰优989#界:植物界#科:禾本科#属:稻属#种:稻#品    种:丰优989
桂花27,#中文名:桂花27#培育单位:广西农业科学院经济作物研究所#品种来源:粤油99，天府10号#选育时间:7年
LM12小麦,#中文名:LM12小麦#国    家:日本#功    能:能抑制杂草生长#研究机构:福井县立大学
金优1506,#中文名:金优1506#品种类型:水稻#品种来源:金23A×R1506杂交选配#选育单位:江西科源种业有限公司
辣(甜)椒疮痂病,#中文名:辣(甜)椒疮痂病#主要为害部位:叶片、果实和茎
名杂8763,#中文名:名杂8763(原名鉴杂763)#作物类型:水稻#审定编号:梅审稻2007002#选育单位:广东华茂高科种业有限公司#品种来源:GD-5S/茂恢763
沙地雀麦,#中文学名:沙地雀麦#界:植物界#门:被子植物门Angiospermae#纲:双子叶植物纲Dicotyledoneae#目:罂粟目Papaverales#科:禾本科Gramineae
穗优甜1号,#中文名:穗优甜1号#审定编号:粤审玉2006012#选育单位:广州市农业环境与植物保护总站#品种来源:02-I024/02-J026
通豆5号,#中文名:通豆5号#审定编号:苏审豆200703#品    种:播迟熟鲜食（菜用）大豆品种#育成时间:2004年
洋葱球茎软腐病,#中文名:洋葱球茎软腐病#病原中文名:唐菖蒲假单胞菌洋葱致病变种(洋葱球茎软腐病假单胞菌)#病原类型:细菌#英文名:Onion bulb soft rot
田雀麦,#中文学名:田雀麦#拉丁学名:Bromus arvensis L#界:植物界#门:被子植物门#纲:单子叶植物纲#目:禾本目#科:禾本科#属:雀麦属#种:田雀麦
珍甜1号,#中文名:珍甜1号#品种类型:玉米#审定编号:粤审玉2006001#选育单位:广东省广州佰顺蔬菜研究所
氨氟乐灵,#中文名:氨氟乐灵#外文名:prodiamine#其他名称:颜化#特    点:封闭持续时间长
宝丰油豆角,#中文学名:宝丰油豆角#别    称:豆角#界:植物界#门:被子植物门#纲:双子叶植物纲#目:豆目#科:豆科（Leguminosae）#属:豆属
德高黄心58,#中文学名:德高黄心58#界:植物界#门:被子植物门(Magnoliophyta)#纲:双子叶植物纲(Magnoliopsida)#亚    纲:五桠果亚纲(Dilleniidae)#目:白花菜目(Capparales)#科:十字花科(Brassicaceae)#族:芸苔族(Trib. Brassiceae Hayek)#属:芸薹属#种:白菜
定丰16号,#中文名:定丰16号#审定编号:甘审麦2011002#选育单位:定西市旱作农业科研推广中心#品种来源:原代号9745
宏达巨星,#中文学名:宏达巨星#别    称:番茄#界:植物界#门:被子植物门#种:宏达巨星#分布区域:中国
家佳红,#中文学名:家佳红#界:植物界#科:十字花科#属:芸薹属
间草醚,#中文名:间草醚#外文名:prometryn#别    称:甲草醚。除草剂#作    用:水稻田防除稗草等一年生杂草
卤草定,#中文名:卤草定#英文名:haloxydine#熔    点:熔点102℃#外    观:无色结晶
噻草隆,#药品名称:噻草隆#别    名:噻草隆;苯噻隆#外文名称:BENZTHIAZURON#用法用量:口服- 大鼠 LD50: 1280 毫克/ 公斤
生长抑制剂,#中文名:生长抑制剂#英文名:growth retardant#别    称:生长延缓剂#应    用:抑制细胞增殖
北京120,#中文名:北京120#品    种:中、早熟品种#收获期:春播70天始收，夏播40天始收#亩用种量:2-2.5公斤
川麦58,#中文名:川麦58#品中类别:小麦#选育单位:四川省农业科学院作物研究所#品种来源:川麦 42/ 03 间 3 //川麦 42
春佳,#中文学名:春佳#界:植物界#门:被子植物门#纲:双子叶植物纲#科:虎耳草科#属:胡麻花属
冬寒四号,#中文名:冬寒四号#单株重:0.5-1公斤#品种类别:莴笋#生长温度:15-25℃
冬寒红,#中文学名:冬寒红#门:被子植物门#亚    门:菊亚纲#纲:双子叶植物纲#目:菊目#科:菊科#亚    科:舌状花亚科#族:菊苣族、菊苣亚族#属:莴苣属#种:莴笋#分布区域:原产中国华中、华北
冬宝,#中文学名:冬宝#界:植物界#门:种子植物门#亚    门:被子植物亚门#纲:双子叶植物纲
冬寒王,#中文学名:冬寒王#界:植物界#门:被子植物门#纲:木兰纲#目:菊目#科:菊科#属:莴苣属#种:冬寒王
大坪埔大肉包心芥,#中文学名:褐芥菜#拉丁学名:Brassica juncea#别    称:Brassica juncea (L.) Czern.#界:植物界#门:被子植物门 Magnoliophyta#纲:双子叶植物纲 Magnoliopsida#目:十字花目 Brassicales#科:十字花科 Brassicaceae#属:芸苔属 Brassica#种:芥菜 B. juncea#分布区域:潮洲
大果99,#中文学名:大果99#界:植物界#门:被子植物门(Magnoliophyta)#纲:双子叶植物纲(Magnoliopsida)#亚    纲:菊亚纲(Asteridae)#目:茄目(Solanales)#科:茄科(Solanaceae)#族:茄族，茄亚族#属:辣椒属(Capsicum Linn.)#种:辣椒 C. frutescens
大朋一寸,#中文学名:大朋一寸#界:植物界#门:被子植物门#纲:双子叶植物纲#科:蚕豆科#种:蚕豆
大麻子苦瓜,#中文学名:大麻子苦瓜#界:植物界#科:苦瓜#属:苦瓜#种:苦瓜#分布区域:全国各地
大金条,#中文学名:大金条#界:植物界#门:被子植物门#纲:双子叶植物纲#目:辣椒目#科:辣椒科
德新油59,#中文名:德新油59#界:植物界#科:十字花科#属:芸苔属#种:芸苔#品    种:德新油59
广西一号,#中文名:广西一号#育种单位:广西农业科学院#品种类别:丝瓜#特征特性:早熟，极抗病，座瓜力特好
华冠辣椒,#中文学名:华冠辣椒#界:植物界#门:被子植物门#纲:双子叶植物纲#亚    纲:菊亚纲#属:辣椒属
厚肉潮洲甜芥菜,#中文学名:厚肉潮洲甜芥菜#界:植物界#门:种子植物门#纲:双子叶植物纲#目:罂粟目#科:十字花科
京花10号,#中文名:京花10号#审定编号:京审麦2011005#选育单位:北京杂交小麦工程技术研究中心等#平均亩穗数:39.31万
吉福长茄,#中文学名:吉福长茄#界:植物界#门:被子植物门#纲:双子叶植物纲#目:茄目#科:茄科#属:茄属
克春2号,#中文名:克春2号#界:植物界#科:禾本科#属:小麦属#种:普通小麦#品    种:克春2号
凯丽斯,#中文学名:白菜#界:植物界#门:被子植物门ANGIOSPERMAE#纲:双子叶植物纲#目:卫矛目Celastrales#科:十字花科 Cruciferae#种:黄芽白
LD67,#中文名:LD67#审定编号:宁审油2010003#品种类别:向日葵#茎    粗: 2.46厘米
兰天28号,#中文名:兰天28号#母    本:西峰20号#父    本:宝丰6号#来    源:杂交选育#审定编号:甘审麦2011007#品种名称:兰天28号
凌翠,#中文学名:凌翠#界:植物界#登记编号:陕蔬登字2010008号#选育单位:西北农林科技大学园艺学院#主要选育人:赵利民 张秉奎#品种来源:LS14-2×LS39-5
力宝,#中文名:力宝#认定编号:闽认菜2011010#作物种类:结球甘蓝#引进单位:福州市蔬菜科学研究所#品种来源:从日本金子公司引进
丽玉,#中文学名:丽玉#界:植物界#门:被子植物门#纲:双子叶植物纲#亚    纲:五桠果亚纲#目:堇菜目#科:葫芦科#属:甜瓜属#种:甜瓜#亚    种:丽玉
明椒6号,#中文名:明椒6号#认定编号: 闽认菜2011004#物种名称:辣椒#选育单位:福建省三明市农业科学研究所
NX440,#中文名:NX440#审定编号:宁审油2010004#地    点: 宁夏#属    性:品种名称#品种类别:向日葵#研制人:宁夏农林科学院农作物研究所
南畔洲萝卜,#中文学名:南畔洲萝卜#界:植物界#门:被子植物门#纲:双子叶植物纲#科:十字花科#属:萝卜属
南峰王,#中文学名:南峰王#界:植物界#门:被子植物门#纲:双子叶植物纲#目:菊目#族:菊苣族#属:莴苣属#种:莴笋
宁春51号,#中文名:宁春51号#审定编号:宁审麦2010002#适宜地区:宁夏灌区中等以上肥力水平田#选育方法:北育南繁系谱法
宁春50号,#中文名:宁春50号#选育单位:宁夏农林科学院农作物研究所#选育单位:中国农科院作物科学研究所#品种来源:宁春4号/Chaml/宁春4号/宁春4号
千玉1号,#中文名:千玉1号#登记编号:陕瓜登字2010002号#选育单位:西北农林科技大学园艺学院#主要育种人:张会梅、杜军志等
山地王,#中文学名:山地王#界:植物界#门:种子植物门#亚    门:被子植物亚门#纲:双子叶植物纲#目:百花菜目#科:十字花科#属:叶菜类属#种:白菜种#亚    种:大白菜亚种#分布区域:全国
TK1208,#中文名:TK1208#审定编号:宁审油2010002#品种名称:TK1208#父    本:胞质雄性不育系28017A#母    本:恢复系RT-55#来    源:杂交
同心红菜苔,#中文学名:同心红菜苔#界:植物界#门:被子植物门#纲:双子叶植物纲#亚    纲:五桠果亚纲#目:白花菜目#科:十字花科#属:芸薹属#种:芸薹种#亚    种:白菜亚种
同舟杂棉6号,#中文学名:同舟杂棉6号#界:植物界#品种类型:棉花#审定编号:豫审棉2008012#选育单位:河南省同舟缘种子科技有限公司#转基因生物名:同舟杂棉6号（同舟棉抗杂6号）
天正福星,#中文学名:天正福星#界:植物界#门:被子植物门#纲:单子叶植物纲#目:洋葱#科:葱科
天津青芥,#界:植物界#门:被子植物门 Magnoliophyta#纲:双子叶植物纲 Magnoliopsida#目:十字花目 Brassicales#科:十字花科 Brassicaceae#属:芸苔属 Brassica#种:芥菜 B. juncea
旺家碧玉,#中文学名:旺家碧玉#界:植物界#门:被子植物门#纲:双子叶植物纲，又称木兰纲#亚    纲:五桠果亚纲#目:堇菜目有资料把葫芦科划归葫芦目#科:葫芦科#族:冬瓜族#属:冬瓜属#种:冬瓜#亚    族:冬瓜亚族#品种类别:毛节瓜
夏抗王,#中文学名:白菜#拉丁学名:Brassica rapa pekinensis，Brassica campestris pekinensis，Brassica pekinensis#别    称:结球白菜、黄芽菜#界:植物界#门:种子植物门 Magnoliophyta#亚    门:被子植物亚门#纲:双子叶植物纲 Magnoliopsida#目:白花菜目#科:十字花科#属:芸薹属#种:白菜种 B. rapa#亚    种:大白菜亚种 B. r. pekinensis
夏抗55,#中文学名:夏抗55#别    称:大白菜#界:植物界#分布区域: 适宜我国西南、长江流域越夏栽培#特    点:早熟、耐热、抗逆性强、高抗病毒#生产期:55天#播种期:夏播7月中旬、晚秋播在9月20日前
新世纪乡港竹芥,#中文学名:新世纪乡港竹芥#界:植物界#门:种子植物门#亚    门:被子植物亚门#纲:双子叶植物纲#目:罂粟目 Rhoeadales#科:十字花科#属:芸苔属 Brassica#种:芥菜
新华玉,#中文学名:新华玉#别    称:苦瓜#界:植物界#科:葫芦科#属:苦瓜属#分布区域:广泛栽培于世界热带到温带地区。我国南北均普遍栽培。
新农棉1号,#中文学名:新农棉1号#界:植物界#属:棉花#种:新农棉1号#审定编号:甘审棉2011005#选育单位:新疆农科院经济作物研究所
新棉2号,#中文名:新棉2号#生育期:122天#霜前花率:96%#株    高:64.9厘米
新科状元尖椒,#中文学名:新科状元尖椒#界:植物界#科:茄科#属:辣椒属#种:新科状元尖椒#分布区域:各地培植
夏绿尖,#中文学名:夏绿尖#拉丁学名:Lactuca sativa L.#别    称:莴苣、莴笋、青笋、千金菜、茎用莴苣、莴苣笋、莴菜、香莴笋#界:植物界#门:被子植物门#纲:双子叶植物纲#目:菊目#科:菊科#属:莴苣属#种:夏绿尖#分布区域:中国大部分地区.
新绿秀,#中文学名:新绿秀#别    称:黄瓜#界:植物界#门:被子植物门#种:新绿秀#品种类别:黄瓜
新盛玉,#中文学名:新盛玉#界:植物界#门:被子植物门#纲:双子叶植物纲#目:葫芦目#科:葫芦科#属:葫芦属#种:甜瓜#分布区域:台湾，福建，宁德等地区
扬啤4号,#中文名:扬啤4号#鉴定编号:苏鉴大麦201103#适应范围:适宜江苏省大麦产区种植#类    型:春性中熟二棱皮大麦品种
扬农啤8号,#中文名:扬农啤8号#界:植物界#门:被子植物门#纲:单子叶植物纲#目:禾本目#科:禾本科#属:大麦属#种:大麦#分布区域:江苏省
中黄60,#中文名:中黄60#审定编号:京审豆2011003#选育单位:中国农业科学院作物科学研究所#品种来源:98P23×7S1#属    性:品种名称#地    区:北京#时    间:夏播种植
张豆1号,#中文名:张豆1号#选育单位:山丹县金粒种植有限责任公司#审定编号:甘审豆2011001#品种来源:神舟5号搭载材料TK-1中系选而成#品种来源代号:TK5-1#生育期:115-148天
中麦13,#中文名:中麦13#审定编号:京审麦2011003#选育单位:中国农业科学院作物科学研究所#品种来源:中麦9号/中麦16
早生南瓜,#中文学名:早生南瓜#界:植物界#纲:双子叶植物纲#科:葫芦科#属:南瓜#种:南瓜#分布区域:中国
早熟5号,#中文名:早熟5号#亩    产:4000—5000公斤#品种类别:白菜#品种来源:浙江农科院大白菜组选育
早秋甘蓝,#中文名:早秋甘蓝#种子类别:蔬菜#特征特性:中早熟#育苗期:30-43天#适宜温度:18-31℃
东安林场,#中文名:东安林场#海    拔:328.2米#山海拔:188.5米#坡    度:在8°—25°之间
草莓病虫害及防治原色图册,#书    名:草莓病虫害及防治原色图册#作    者:郝保春#ISBN:9787508256924#定    价:16.00元#出版社:金盾出版社#出版时间:2009-6-1#开    本:16开
国内外蔬菜农药最大残留限量指标汇编,#书    名:国内外蔬菜农药最大残留限量指标汇编#作    者:李玉萍，方佳#ISBN:9787802338166#定    价: 130.00元#出版社:中国农业科学技术出版社#出版时间:2009-4-1#开    本:16
生物多样性与害虫综合治理,#中文名:生物多样性与害虫综合治理目录#作    者:李正跃#出版社:科学出版社#出版时间:2009-5-1#开    本:16开#ISBN:9787030244710
碳汇林业,#中文名:碳汇林业#依据书籍:《京都议定书》#用    途:达到减排的目的#方    式:直接减排、间接减排等
植物病毒:病理学与分子生物学,#书    名:植物病毒:病理学与分子生物学#作    者:谢联辉 #ISBN:9787030246233#定    价:¥130#出版社:科学出版社#出版时间:2009-6-1
截干留蔸,#中文名:截干留蔸#本    质:树木的一种嫁接方法#截断处:树根部上20厘米#优    势:既可以保留树蔸，重新发芽生长
大马士革三号玫瑰,
农大棉8号,#中文名:农大棉8号#审定编号:冀审棉2006001号）#试验名称:农大156#审定名称: 农大棉8号
杂交优势,#中文名:杂交优势#外文名:heterotic vigor#特    点:抗逆性强、早熟高产、品质优良#释    义:两种遗传不同的植物或动物杂交#原    因:杂种本身遗传上的异质性#学    科:遗传学
催熟激素,#中文名:催熟激素#原    名:乙烯。#基本功能:催熟#作    用:促进果实成熟，促进器官脱落和
迷你花盆,
盆栽葡萄,#中文学名:盆栽葡萄#界:植物界#门:葡萄科#纲:双子叶植物纲#科:葡萄科#属:葡萄属
红树梅,#中文学名:红树莓#界:植物界#门:被子植物门(Magnoliophyta)#纲:双子叶植物纲(Magnoliopsida)#目:蔷薇目(Rosales)#科:蔷薇科(Rosaceae)#属:悬钩子属#种:红树莓#分布区域:主要分布于北半球温带，少数分布热带、亚热带和南半球
何家泌,#中文名:何家泌#国    籍:中国#出生地:福建省闽侯县#出生日期:1914年6月6日
林孔勋,#中文名:林孔勋#国    籍:中国#民    族:汉族#出生地:于福建省闽侯县#出生日期:1922年3月21日#职    业:学者#毕业院校:福建协和大学
雷惠质,#中文名:雷惠质#国    籍:中国#民    族:汉族#出生地:湖南嘉禾#出生日期:1921.10.24#职    业:农业昆虫学家#毕业院校:湖北农学院
王铨茂,#中文名:王铨茂#别    名:曾用名王子廉#出生地:上海市#出生日期:1915年9月10日
章士美,#中文名:章士美#国    籍:中国#民    族:汉族#出生地:中国浙江#职    业:中国近现代昆虫学家农业教育家#毕业院校:中正大学#主要成就:中国昆虫地理学奠基人之一
陆培文,#中文名:陆培文#国    籍:中国#出生地:江苏省常州市#出生日期:1912年
黄至溥,#中文名:黄至溥#国    籍:中国#民    族:汉族#出生地:福建省泰宁县朱口乡#出生日期:1913年#职    业:中国近现代农业昆虫学家#毕业院校:南京中央大学农学院#主要成就:开发杀虫植物
叶祖融,#中文名:叶祖融#国    籍:中国#出生地:上海#出生日期:1915年8月17日
张领耘,#中文名:张领耘#国    籍:中国#民    族:朝鲜族#出生地:辽宁省沈阳市#出生日期:1918年5月23日#逝世日期:2001年#职    业:学者#毕业院校:北平大学农学院 
张学祖,#中文名:张学祖#国    籍:中国#民    族:汉族#出生地:湖北省黄陂县#出生日期:1917年9月14日#逝世日期:1994年12月#职    业:学者#毕业院校:华中大学
朱绍先,#中文名:朱绍先#国    籍:中国#民    族:汉族#出生地:湖南省湘潭市湘潭县#出生日期:1922年11月24日#毕业院校:中山大学
束炎南,#中文名:束炎南#出生地:江苏省南通县#出生日期:1923年#逝世日期:1998年#毕业院校:贵州大学农学系
国欣棉八号,#中文名:国欣棉八号#审定编号:国审棉2007007#选育单位:河间市国欣农村技术服务总会#品种来源:SGK3×优质棉3012系
嫁接,#中文名:嫁接#外文名:graft；engraft#术    语:植物学#繁殖类别:无性繁殖#种    类:枝接和芽接
农业环境保护,#中文名:农业环境保护#外文名:agriculture environmental protection#对    象:农区大气、农业用水和农田土壤#主要内容包括:生态农业和农业环境污染
农家肥,#中文名:农家肥#气    味:难闻#制作材料:人的粪尿、牧畜的粪尿#好    处:可以减少养分固定
土地分级,#中文名:土地分级#外文名:The classification of land#别    名:土地质量分级#领    域:土地资源管理
响水大米,#中文名:响水大米#产地名称:黑龙江省牡丹江市宁安市#品质特点:粒青如玉、晶莹剔透#地理标志:国家质检总局地理标志产品#批准文号:国家质检总局2007年第15号#批准时间:2007年1月18日
叶面施肥,
北京841,#中文名:北京841#原代号:CA841#审定时间:1992年#适宜地区:北京、天津、冀中、冀东、晋中#千粒重:45克以上#株    高:95厘米左右#平均亩产:1991年345公斤
长5222,#中文名:长5222#育种单位:山西省农业科学院谷子研究所#申报单位:山西省农业科学院谷子研究所#品种来源:中间材料98-6619/98-5764
昌麦26,#中文名:昌麦26#原代号:99-2#选育单位:四川省凉山州西昌农科所#适宜种植地区:四川凉山州
川育20,#中文名:川育20#界:植物界#科:禾本科#属:小麦属#种:普通小麦#品    种:川育20
川农25,#中文学名:川农25#界:植物界#种:川农25#选育单位:成都正隆植物育种有限公司
楚麦十号,#中文名:楚麦十号#品种类型:小麦#审定编号:滇审小麦2008001号#申请单位:楚雄州农业科学研究推广所#选育单位:楚雄州农业科学研究推广所#生育期:170天
高原776,#中文学名:高原776#界:植物界#门:被子植物门#纲:单子叶植物纲#目:禾本目#科:禾本科#种:普通小麦#品    种:高原776
淮麦25,#中文名:淮麦25#界:植物界#科:禾本科#属:小麦属#种:普通小麦#品    种:淮麦25
淮麦22,#中文学名:淮麦22#界:植物界#科:禾本科#属:小麦#种:普通小麦#品    种:淮麦22
静麦3号,#中文名:静麦3号#全生育期:266-278天#穗    长:6.5-7厘米#审定编号:甘审麦2011003
京花9号,#中文学名:京花9号#界:植物界#门:被子植物门#科:禾本科#属:小麦属#种:普通小麦
金油858,#中文名:金油858#全生育期:222天#成熟株高:219.9cm#平均千粒重:3.77克
晋春16号,#中文名:晋春16号#品种类型:小麦#审定编号:晋审麦2009014#试验名称:“411-14”
金科麦33,#中文名:金科麦33#品种类型:小麦#选育单位:蒲传永  蒲春雷#品种来源:米拉/172
科遗5214,#中文名:科遗5214#审定编号:京审麦2011001#选育单位:中科院遗传与发育生物学研究所#品种来源:农大3330/0290
陇育4号,#中文名:陇育4号#审定编号:甘审麦2011005#选育单位:陇东学院农林科技学院#株    高:80-90厘米
陇中2号,#中文名:陇中2号#审定编号:甘审麦2011008#选育单位:甘肃省定西市旱作农业科研中心#品种来源:原代号9767-1-1-2-1。
灵台3号,#中文名:灵台3号#生育期:280天#穗    长:6.8厘米#穗粒数:33粒
轮选987,#品种名称:轮选987#选育单位:中国农业科学院作物科学研究所#育种人:刘秉华#抗逆性:抗白粉病和条锈病#审批单位:农业部国家农作物品种审定委员会#作物品种:小麦
轮选526,#中文名:轮选526#审定编号:京审麦2011002#选育单位:中国农业科学院作物科学研究所#品种来源:CA9722//CA9722/中麦16#适宜地区:北京地区水浇地种植#适播种期:北京地区播种期9月25日～10月5日
龙麦33,#中文学名:龙麦33#界:植物界#门:被子植物门#纲:单子叶植物纲#目:禾本目#科:禾本科#属:小麦属#种:普通小麦#分布区域:。
洛旱7号,#中文名:洛旱7号#界:植物界#科:禾本科#属:小麦属#种:普通小麦#品    种:洛旱7号
轮选518,#中文名:轮选518#界:植物界#科:禾本科#属:小麦属#种:普通小麦#品    种:轮选518
陇中1号,#中文学名:陇中1号#界:植物界#种:陇中1号#审定编号:国审麦2007023
兰天27号,#中文名:兰天27号#产    量:平均亩产415.7kg#适宜地区:天水、陇南市的高山#产品特征:抗病
拉2577,#中文名:拉2577#品种类型:小麦#品种审定编号:蒙审麦2010001号#栽培要点:亩保苗42-45万株
陇春24号,#品种名称:陇春24号#作物种类:小麦#选育单位:甘肃省农科院粮作所#审定编号:甘审麦2005002#原代号:陇春4021#适宜范围:适用在甘肃酒泉、民乐、民勤等地
良麦3号,#中文名:良麦3号#全生育期:185天左右#株    高:约95厘米#品种来源:N711/N301-1-1
绵麦45,#中文名:绵麦45#界:植物界#科:禾本科#属:小麦属#种:普通小麦#品    种:绵麦45
宁糯麦1号,#中文学名:宁糯麦1号#界:植物界#种:宁糯麦1号#审定编号:苏审麦200803
糯麦1号,#中文名:糯麦1号#品种类别:小麦#审定编号:渝审麦2010003#品种来源:94058矮MS2×京糯
宁麦13,#中文学名:宁麦13#界:植物界#门:被子植物门Magnoliophyta#纲:单子叶植物纲#原代号:宁0078#审定编号:国审麦2006004
宁麦13号,#中文学名:宁麦13号#界:植物界#种:麦#研制者:江苏省农科院粮#开始时间:2001年#通过时间:2005年9月18日
青春40,#中文学名:青春40#界:植物界#种:青春40#审定编号:青审麦2006001
平凉45号,#中文名:平凉45号#审定编号:甘审麦2010013#品种名称:平凉45号 #选育单位:平凉市农业科学研究所
舜麦1718,#中文学名:舜麦1718#界:植物界#门:被子植物门#纲:单子叶植物纲#科:禾本科#属:小麦属#种:普通小麦#品    种:舜麦1718
天选46号,#中文学名:天选46号#界:植物界#审定编号：:甘审麦2010014#选育单位：:天水市农业科学研究所
山农17,#中文名:山农17#界:植物界#科:禾本科#属:小麦属#种:普通小麦#品    种:山农17
皖麦52号,#中文名:皖麦52号#界:植物界#科:禾本科#属:小麦属#种:普通小麦#品    种:皖麦52号
小麦条纹花叶病,#中文学名:小麦条纹花叶病#别    称:伪条斑病#病原中文名:小麦条纹花叶病毒#病原拉丁学名:BSMV#病害类型:病毒
西农189,#中文名:西农189#品种名称:弱冬性，强筋#株    高:80-85厘米#品种来源:1043&times;Q9621-S27W#生育期:247天
小麦梭条斑花叶病毒病,#中文名:小麦梭条斑花叶病毒病#别    名:小麦黄花叶病#病原中文名:小麦梭条斑花叶病毒#病害类型:病毒#病原分类地位:马铃薯Y病毒组#危害作物:小麦
小麦土传花叶病毒病,#中文学名:小麦土传花叶病毒病#危害作物:冬小麦#为害部位:叶片#病原中文名:小麦土传花叶病毒#病原拉丁学名:Wheat soil—borne mosaic virus#病毒类型:病毒
小麦黑节病,#中文学名:丁香假单胞菌条纹致病变种#拉丁学名:Pseudomonas syringae pv.striafaciens（Elliott）Young et al.异名Pseudomonas striafaciens（Elliott）Starr et Burkholder#界:细菌界#危害作物:小麦#为害部位:叶片、叶鞘、茎秆节与节间。
小麦蓝矮病毒病,#中文学名:小麦蓝矮病毒病#界:病毒界#为害部位:全株
小麦黄矮病毒病,#中文学名:小麦黄矮病毒病#界:病毒界#为害部位:叶片、茎
徐麦31,#中文学名:徐麦31#界:植物界#科:禾本科#属: 小麦属#种:普通小麦#品    种:徐麦31
徐麦30,#中文名:徐麦30#原    名:徐麦270#品种属性:半冬性中晚熟小麦#适宜种植区:江苏省淮北麦区#品种审定编号:苏审麦200704#播种日期:正常年份9月底至10月中旬
小麦红矮病毒病,#中文名:小麦红矮病毒病#主要危害作物:小麦#主要为害部位:整株
小麦细菌叶枯病,#中文名:小麦细菌叶枯病#病害类型:细菌#主要危害作物:小麦#主要为害部位:叶片
小麦糜疯病,#中文名:小麦糜疯病#病原中文名:小麦条点花叶病毒#病原拉丁学名:Wheat streak mosaic virus#主要危害作物:小麦
新麦21,#中文名:新麦21#界:植物界#科:禾本科#属:小麦属#种:普通小麦#品    种:新麦21
渝麦12号,#中文名:渝麦12号#品种类型:小麦#审定编号:渝审麦2010001#品种来源:重庆市农业科学院，宛抗42×97-3
烟农21,#中文名:烟农21#特征特性:该品种冬性，高抗条#产量表现:平均亩产440.2kg#品质特性:该品种品质优良，1999-2002
周麦22号,#中文学名:周麦22号#界:植物界#门:被子植物门#纲:单子叶植物纲#科:禾本科#属:小麦属#种:普通小麦
镇麦168,#中文名:镇麦168#界:植物界#科:禾本科#属:小麦属#种:普通小麦#品    种:镇麦168
中旱110,#中文名:中旱110#千粒重:45—50g#粗蛋白质含量:15.4%#湿面筋含量:29.8%
中麦9号,#中文名:中麦9号#品种类型:小麦#审定编号:国审麦980006#品种来源:泗阳936//（1523/1542）83鉴25#选育单位:中国农业科学院作物科学研究所
中优206,#中文名:中优206#品种类型:小麦#申报单位:中国农业科学院作物科学研究所#审定编号:晋审麦2008008#面包体积:810ml
科新6号,#中文名:科新6号#生育期:135-138天#分枝数:2-3个#株    高:110厘米
复种指数,#中文名:复种指数#外文名:multiple-crop index#别    称:种植指数#计    算:全年播种总面积÷耕地总面积
小菜粉蝶颗粒体病毒,#中文名:小菜粉蝶颗粒体病毒#外文名:Pieris rapae Granulosis Virus#别    称:菜白蝶#类    型:鳞翅目、粉蝶科
紫荆枯萎病,#中文名:紫荆枯萎病#主要危害作物:紫荆#主要为害部位:根部
农资人论坛网,
天竺葵碎花病,
香蕉艾滋病,
药用植物玄参斑点病,#中文名:药用植物玄参斑点病#病原中文名:玄参叶点霉#病原类型:半知菌亚门真菌#主要危害作物:玄参
白掌黑头病,#中文名称:白掌黑头病#类    别:植物病#发病原因:土壤粘重，湿度过大等#盛发期:3~6月和10~11月
百日草花叶病,#中文名:百日草花叶病#症    状:发病初期叶上片呈轻微的斑驳状#分    布:全国各地均有发生#危    害:植株矮小、退化，观赏性下降
八仙花芽枯病,#中文名:八仙花芽枯病#危    害:危害植株的芽及花#病    原:灰葡萄孢菌#又    称:八仙花灰霉病
蚕豆染色病毒病,#中文名:蚕豆染色病毒病#别    名:Broadbeanstrainvirus#病原中文名:蚕豆染色病毒#病原拉丁学名:Broad bean strain virus简称BBSV
长蠕孢菌红叶斑瘸,#中文名:长蠕孢菌红叶斑瘸#寄    主:小糠草、细弱剪股颖等#症    状:匍匐剪股颖严重变弱#栽培技术:高氮肥水平
长蠕孢菌叶斑病,#中文名:长蠕孢菌叶斑病#别    名:大斑病#寄    主:早熟禾、草地早熟禾、细叶羊茅#类    别:草坪病害
长蠕孢菌腐烂病,#中文名:长蠕孢菌腐烂病#别    名:网斑病#属    性:草坪病害#病原菌:网斑长蠕孢菌
长蛔孢苗叶斑病,#中文名:长蛔孢苗叶斑病#病    因:由H.cynodontis引起的#高发区:多在春秋多雨、潮湿地区#防    治:在早春和早秋，减少氮肥用量
杜鹃叶肿病,#中文名:杜鹃叶肿病#外文名:不详#别    称:饼病#发病盛期:春末夏初和夏末秋初#受害部位:杜鹃的幼嫩组织均可受害
番茄曲顶病毒病,#中文名:番茄曲顶病毒病#别    名:甜菜曲顶病#病原中文名:甜菜曲顶病毒#英文名:Tomato curly top virus
非洲菊疫霉病,#别    称:非洲菊疫霉病#中医病名:根茎腐烂病#常见症状:受害植株叶片先变黄#防治方法:整地选种
粉红雪霉病,#中文名:粉红雪霉病#外文名:Pink snow mold#特    征:草坪上出现红褐色病魔
非洲紫罗兰疫腐病,#中文名:非洲紫罗兰疫腐病#病原中文名:寄生疫病霉#病原拉丁学名:PhytopthoraparasiticaDast#病原分类地位:鞭毛菌亚门疫霉属#病原类型:真菌#主要危害作物:紫罗兰
茶树根癌病,#中文名:茶树根癌病#病原中文名:根癌土壤杆菌#病原类型:细菌#主要危害作物:茶树
大麦细菌条斑病,#中文名:大麦细菌条斑病#别    名:大麦细菌条斑病黄单胞菌#病原中文名:油菜黄单胞菌大麦致病变种#病原拉丁学名:Xanthomonascampestrispv.hordei（Hagborg）Dye.#病原类型:细菌#主要危害作物:大麦#主要为害部位:叶片、叶鞘
甘蔗叶灼病,#中文名:甘蔗叶灼病#别    名:甘蔗白条病
谷子红叶病,#中文名:谷子红叶病#主要危害作物:谷子，玉米#主要为害部位:叶片#病原中文名:大麦黄矮病毒#病原拉丁学名:Barley yellow dwarf virus#病原类型:病毒
高粱叶点病,#中文学名:高粱叶点霉#拉丁学名:Phllosticta sorghina Sacc.#界:真菌界#门:半知菌亚门
谷子粒黑穗病,#中文名:谷子粒黑穗病#又    称:粟黑粉菌 #学    名:Ustilago crameri Korn#主要危害作物:粟、谷子
高粱柱黑穗病,#中文名:高粱柱黑穗病#病原中文名:高粱柱黑穗菌#病原拉丁学名:Sporisorium sorghicolum Liang et Yao#病原分类地位:担子菌亚门真菌
高粱紫斑病,#中文名:高粱紫斑病#病原中文名:高粱尾孢#病原拉丁学名:Cercospora sorghi Ellis&Everhart#病原类型:真菌#主要危害作物:高粱#主要为害部位:叶片和叶鞘
高粱球腔菌叶斑病,#中文名:高粱球腔菌叶斑病#病害类型:真菌#传播方式:高粱病残体#为害部位:叶片
高粱散黑穗病,#中文名:高粱散黑穗病#病原中文名:高粱轴黑粉菌#病原拉丁学名:sphacelotheca cruenta（Kühn）Potter#病原类型:真菌
高粱紫轮病,#中文学名:高粱紫轮病#别    称:黑点病#病原分类地位:半知菌亚门#病害类型:真菌#主要危害作物:高粱#主要为害部位:叶片和叶鞘#病原中文名:高粱生座枝孢
谷子胡麻斑病,#中文名:谷子胡麻斑病#病原中文名:狗尾草离蠕孢#病原拉丁学名:Bipolaris setariae(Saw．)Shoem．#病原类型:真菌
高粱纹枯病,#中文学名:高粱纹枯病#病原中文名:AG-1-IA和AG一5两个菌丝融合群#病原拉丁学名:Rhizoctonia solani Kühn#病害类型:真菌#主要为害部位:主要为害叶鞘，也可为害叶片#传播因子:土壤、高粱病残体
高粱花叶病,#中文名:高粱花叶病#外文名:Sorghummosaic virus#病害类型:病毒#主要危害作物:高粱#介    体:蚜虫
高粱镰刀菌穗腐病,#中文名:高粱镰刀菌穗腐病#别    名:粉腐病#病原中文名:串珠镰孢#病原拉丁学名:Fusarium moniliforme Sheld．
高粱镰刀菌茎腐病,#中文名:高粱镰刀菌茎腐病#病原中文名:串珠镰刀菌，禾谷镰刀菌#病原类型:真菌#主要危害作物:高粱
高粱长粒黑穗病,#中文名:高粱长粒黑穗病#病原中文名:埃伦团黑粉菌#病原拉丁学名:Sorosporium ehrenbergii Kühn#病原分类地位:担子菌亚门真菌
高粱靶斑病,#中文名:高粱靶斑病#病原中文名:高粱生离蠕孢#病原拉丁学名:Bipolaris sorghicola（Lefebvre et Sherwin）Shoem.#病原类型:真菌
高粱青霉颖枯病,#中文名:高粱青霉颖枯病#病害类型:真菌#病原分类地位:半知菌亚门真菌#主要为害部位:穗部
高粱黑葱花霉根腐病,#中文名:高粱黑葱花霉根腐病#别    名:高粱黑葱花霉#病原中文名:Periconia circinata（Mangin）Sacc.#病原类型:真菌
高粱细菌性条纹病,#中文名:高粱细菌性条纹病#病害类型:细菌#主要寄主:高粱、玉米等禾本科植物#危害部位:叶片和叶鞘
高粱花黑粉病,#中文名:高粱花黑粉病#别    名:高粱花黑穗病#病原中文名:见城黑粉菌或高粱花黑粉菌#病原拉丁学名:Ustilago kenjiana Ito
高粱细菌性红条病,#中文名:高粱细菌性红条病#病原拉丁学名:Xanthomonascampestrispv.holcicola（Elliott）Dye.#病原类型:细菌#主要危害作物:谷子，高粱
高粱炭腐病,#中文名:高粱炭腐病#主要危害作物:高粱
高粱黑束病,#中文名:高粱黑束病#别    名:导管束黑化病#病原中文名:直枝顶孢霉#病原拉丁学名:Acremonium stictum W.Gams
高粱弯孢霉穗腐病,#中文名:高粱弯孢霉穗腐病#病原中文名:弯孢霉#病原类型:真菌#主要危害作物:高粱
秆黑粉病和条黑粉病,#中文名:秆黑粉病和条黑粉病#常见恶劣因素:干旱#症    状:植株比健康植株还要直立#化学防治:内吸性杀菌剂#栽培技术:在夏天保持最低用氮量
高粱立枯病,#中文名:高粱立枯病#病原中文名:立枯丝核菌#病原分类地位:半知菌亚门真菌#病害类型:真菌
高粱细菌性斑点病,#中文名:高粱细菌性斑点病#病原类型:细菌#主要危害作物:高粱#主要为害部位:叶片
高粱锈病,#中文名:高粱锈病#主要危害作物:高粱#病害类型:真菌#主要为害部位:叶片
高粱豹纹病,#中文名:高粱豹纹病#别    名:轮纹病
高粱矮花叶病,#中文学名:高粱矮花叶病#别    称:高粱红条病毒病#危害作物:高粱#为害部位:叶片#病原中文名:玉米矮花叶病毒B株系#病原拉丁学名:Maize dwarf mosaic virus-B#病害类型:病毒
高粱坚黑粉病,#中文名:高粱坚黑粉病#别    名:坚粒黑穗病#病原中文名:高粱坚轴黑粉菌#病害类型:真菌
高粱苗枯病,#中文学名:串珠镰孢#拉丁学名:Fusarium moniliforme Sheld.#界:真菌界#门:半知菌亚门#纲:丝孢纲#目:瘤座孢目#科:瘤座孢科#属:镰孢属#分布区域:中国#危害作物:高粱#为害部位:叶片
黄瓜绿斑花叶病,#中文名:黄瓜绿斑花叶病
黄瓜灰霉病,#中文名:黄瓜灰霉病#主要危害作物:黄瓜，番茄，草莓，马铃薯#主要为害部位:叶片、幼果、茎蔓、花蒂#病原中文名:真菌半知菌亚门灰葡萄孢#病原拉丁学名:Botrytis cinerea#病原分类地位:真菌半知菌亚门#病原类型:真菌
荷花褐纹病,#中文名:荷花褐纹病#又    名:荷花黑斑病#发病区域:花栽培区#病    原:莲链格孢
黄瓜细菌性缘枯病,#中文名:黄瓜细菌性缘枯病#作物类别:黄瓜#病原种类:细菌#防治措施:选无病瓜留种
灰雪霉病,#中文名:灰雪霉病#病    区:北半球北方，积雪时间长的地区#病    因:发生要有覆盖物#病斑大小:通常在直径7.6～91.4厘米之间
花卉苗木立枯病,#中文名:花卉苗木立枯病#病原类型:真菌#主要为害部位:根部和茎基部
桧柏锈病,#中文名:桧柏锈病#主要危害作物:桧柏，果树#主要为害部位:叶片
黄瓜黑星病,#中文名:黄瓜黑星病#外文名:Scab of cucurbits#染病时期:分为幼苗、嫩茎、卷须、叶片#传播条件:雨水、气流和农事操作在田间传播
金瓜病毒病,#中文名:金瓜病毒病#别    名: Cucumber mosaic virus#病原中文名:黄瓜花叶病毒组中的一个株系#病原类型:病毒
豇豆黑眼豇豆花叶病毒病,#中文名:豇豆黑眼豇豆花叶病毒病#病原中文名:豇豆#病原类型: 病毒#主要危害作物:豇豆
韭菜病毒病,#中文名:韭菜病毒病#别    名:Chinese chives dwarf virus#病原中文名:韭菜萎缩病毒#病原拉丁学名: Chinese chive dwarf virus#病原分类地位: 病毒#主要危害作物: 寄主仅限于韭菜、葱、洋葱等#主要为害部位:整株系统性侵染
节瓜果腐病,#中文名:节瓜果腐病#现    象:生病瓜果果面成褐色病变#病    因:真菌侵染所致#防治方法:找出适于本地栽培高产抗病良种等
姜瘟病,#中文名:姜瘟病#外文名:Ginger blast#别    称:腐烂病或青枯病#发病部位:根部及姜块#症    状:呈水渍状、黄褐色、内部逐渐腐烂#高发季节:8--9月高温季节
金盏菊细菌性芽枯病,#中文名:金盏菊细菌性芽枯病#病原类型:细菌#主要危害作物:金盏菊#主要为害部位:芽
苦苣菜脉黄病毒病,#中文名:苦苣菜脉黄病毒病#病原中文名:Sowthistle yellow vein virus#病原类型: 病毒#主要危害作物: 苦苣菜
绿豆炭疽病,#中文学名:菜豆炭疽菌#拉丁学名:Colletotrichum lindemuthianum（Sacc.et Magn.）Br.et Cav.#界:真菌界#门:半知菌亚门
绿豆白粉病,#中文学名:蓼白粉菌#拉丁学名:Erysipe polygoni DC.#界:真菌界#门:子囊菌亚门真菌#传播因子:病残体、病株、气流
绿豆锈病,#中文学名:疣顶单胞锈#拉丁学名:Uromyces appendiculatus（Pers.）Ung.异名U.phaseoli（Pers.）Wint.#界:真菌界#门:担子菌亚门
萝卜(RMV)花叶病毒病,#中文名:萝卜(RMV)花叶病毒病#外文名:Radish mosaic virus#主要危害作物:系统侵染萝卜等十字花科蔬菜#主要危害部位:整株系统性侵染
绿豆菌核病,#中文学名:核盘菌#拉丁学名:Sclerotinia sclerotiorum（Lib.）de Bary#界:真菌界#门:子囊菌亚门#传播因子:种子、病残体、粪肥、病株、气流
绿豆细菌性疫病,#中文名:绿豆细菌性疫病#别    名:细菌性斑点病#病原中文名:油菜黄单胞菌菜豆致病变种#病原类型:细菌
镰刀菌腐烂病,#中文名:镰刀菌腐烂病#寄    主:草地早熟禾、假俭草、紫羊茅等#性    状:呈水浸状、不规则病斑#病    因:镰刀菌
立枯丝核菌褐斑病,#中文名:立枯丝核菌褐斑病#种    类:植物疾病#寄生源:等早熟禾、邵氏雀稗、狗牙根#防    治:接触性杀菌剂和内吸性杀菌剂
绿豆立枯病,#中文名:绿豆立枯病#病原中文名:立枯丝核菌#病原拉丁学名:Rhizoctonia solani Kühn#病原分类地位:半知菌亚门真菌
辣椒丛枝病,#中文名:辣椒丛枝病#病原类型:病毒#主要危害作物:辣椒#英文名:Pepper witches’broom
节瓜病毒病,#中文名:节瓜病毒病#别    名:花叶病#病原中文名:西瓜花叶病毒#病原类型:病毒#主要危害作物:节瓜
棉花花叶病毒病,#中文学名:棉花花叶病毒病#界:病毒界#病原中文名:普通花叶病毒，烟草线条病毒#危害作物:棉花，烟草等#为害部位:叶
马铃薯尾孢菌叶斑病,#中文名:马铃薯尾孢菌叶斑病#病原中文名:绒层尾孢#病原拉丁学名:Cercospora concors（Casp.）Sacc．#病原分类地位:半知菌类（无性类）、丛孢纲、丛梗孢目、暗丛梗孢科、尾孢属#病原类型:真菌#主要危害作物:马铃薯#主要为害部位:叶片和茎
马铃薯早死病,#中文名:马铃薯早死病#病原分类地位:半知菌亚门真菌#主要危害作物:马铃薯#主要为害部位:茎、叶
马铃薯红周刺座霉干腐病,#中文名:马铃薯红周刺座霉干腐病#外文名:无#病原中文名:周刺座霉#分    类:半知菌亚门真菌
马铃薯白绢病,#中文名:马铃薯白绢病#主要危害作物:马铃薯
木薯炭疽病,#中文名:木薯炭疽病#病原中文名:围小丛壳#病原拉丁学名:Glomerella cingulata（Stenem.）Spauld，et Schrenk#病原类型:真菌
马铃薯灰霉病,#中文名:马铃薯灰霉病#病原中文名:灰葡萄孢#病原拉丁学名:Botrytis cinerea Pres.ex Fr.#病原分类地位:半知菌亚门真菌
马铃薯枯萎病,#中文名:马铃薯枯萎病#主要危害作物:马铃薯#病原中文名:尖镰孢菌#病原拉丁学名:Fusarium oxysporum Schlecht#主要危害作物:可侵染番茄、马铃薯、球茎茴香#病害类型:真菌
绿豆轮纹病,#中文名:绿豆轮纹病#病原中文名:小豆壳二孢#病原拉丁学名:Ascochyta phaseolorum Sacc.#病原分类地位:半知菌亚门真菌
马铃薯立枯丝核菌病,#中文学名:立枯丝核菌#拉丁学名:Rhizoctonia solani Kühn#界:真菌界#门:半知菌亚门真菌
木薯细菌性枯萎病,#中文名:木薯细菌性枯萎病#别    名:流胶病#病原中文名:木薯萎蔫病黄单胞菌#病原拉丁学名:Xanthomonas manihotis（Artheodet Bey.）Stars异名Xanthomonas campestris pv.manihotis Starr.#病原类型:细菌#主要危害作物:木薯#主要为害部位:叶片、茎部
牛蒡花叶病,#中文名:牛蒡花叶病#病原中文名:牛蒡花叶病毒#病原拉丁学名: Burdock mosaic virus#病原类型:病毒
葡萄卷叶病,#中文名:葡萄卷叶病#主要危害作物:葡萄#主要为害部位:果实#英文名:Grapevine leafroll disease
莙荙菜(BYV)黄化病毒病,#中文名:莙荙菜(BYV)黄化病毒病#病害类型:病毒#主要为害部位:整株系统性侵染#病原中文名: 甜菜黄化病毒
桑细菌性青枯病,#中文名:桑细菌性青枯病#别    名:枯萎病、细菌枯萎病、瘟桑#病原中文名:青枯假单胞杆菌#英文名:Mulberry bacterial wilt
桑细菌性疫病,#中文名:桑细菌性疫病#别    名:细菌性黑枯病、缩叶细菌病、烂头病#病原中文名:丁香假单胞菌桑致病变种#英文名: Mulberry bacterial blight
梢腐病,#中文名:梢腐病#类    型:真菌病#部    位:嫩叶基部#原    因:高温高湿及过量施氮肥
笋瓜花叶病,#中文名:笋瓜花叶病#病原中文名:南瓜花叶病毒#病原拉丁学名: Squash mosaic virus#英文名:Winter squash mosaic
甜菜细菌性斑枯病,#中文名:甜菜细菌性斑枯病#病原中文名:丁香假单胞菌甜菜致病变种#病原类型:细菌#主要危害作物:甜菜
甜瓜萎蔫病,#中文名:甜瓜萎蔫病#别    名:细菌性枯萎病、青枯病#病原中文名:嗜维管束欧文氏菌(黄瓜萎蔫病欧文氏菌)#病原拉丁学名:Erwinia tracheiphila(Smith)Bergey et al．#病原类型:细菌#主要危害作物:甜瓜#主要为害部位:维管束
铁炮病,#中文名:铁炮病#病    因:高温多湿、通风不良#防治方法:伤口涂上“大生45”或“切口保#方    式:本菌通常叶背气孔进入
豌豆根腐病,#中文名:豌豆根腐病#别    名:根腐丝囊霉、终极腐霉#病原类型:真菌#主要危害作物:豌豆
豌豆灰霉病,#中文名:豌豆灰霉病#病原中文名:灰葡萄孢#病原拉丁学名:Botrytis cinerea Person ex Fr.#病原分类地位:半知菌亚门真菌
豌豆炭疽病,#中文名:豌豆炭疽病#主要危害作物:豌豆
豌豆芽枯病,#中文学名:瓜笄霉和茄笄霉#拉丁学名:Choanephora cucurbitarum（Berkeley et Rav.）haxter和Choanephora mand—shurica（Saito et Nagamoto）Tai#界:真菌界#亚    门:接合菌亚门#为害部位:株端幼嫩部位
豌豆枯萎病,#中文学名:尖孢镰刀菌豌豆专化型#拉丁学名:Fusarium oxysporum Schl.f.sp.pis（Van Hall）Snyder&Hansen;#界:真菌界#门:半知菌亚门#危害作物:豌豆#为害部位:维管束
豌豆霜霉病,#中文名:豌豆霜霉病#病原中文名:豌豆霜霉、蚕豆霜霉#病原拉丁学名:Peronospora pisi H.Sydow in Gaumann、P.viciae de Bary#病原分类地位:鞭毛菌亚门#病原类型:真菌#主要危害作物:豌豆#主要为害部位:叶片
豌豆黑斑病,#中文名:豌豆黑斑病#病原中文名:豆类壳二孢#病原分类地位:半知菌亚门真菌#病原类型:真菌
豌豆基腐病,#中文学名:立枯丝核菌AG-4菌丝融合群#拉丁学名:Rhizoctonia solani Kühn#界:真菌界#门:半知菌亚门#为害部位:基部或根颈部
豌豆褐斑病,#中文名:豌豆褐斑病#病原中文名:豌豆壳二孢#病原分类地位:半知菌亚门真菌#病原类型:真菌
豌豆锈病,#中文名:豌豆锈病#别    名:Pea rust#病原中文名:豌豆单胞锈菌#病原拉丁学名:Uromyces pisi（Pers.）Schrot
豌豆菌核病,#中文名:豌豆菌核病#病原拉丁学名:Sclerotinia sclerotiorum（Libert）de Bary#主要危害作物:豌豆#主要为害部位:荚和茎
小麦条纹叶枯病,#中文名:小麦条纹叶枯病#传播介质:昆虫#病原体:RSV#发生原因:稻套麦和麦套稻等的推广
西葫芦病毒病,#中文名:西葫芦病毒病#外文名:CMV、MMV、WMV#症    状:枯萎、坏死、畸形#分布区域:全国
向日葵细菌性茎腐病,#中文名:向日葵细菌性茎腐病#病原中文名:胡萝卜软腐欧杆菌胡萝卜软腐致病变种#主要危害作物:向日葵#主要为害部位:主要为害茎和葵盘，以茎为主#病原拉丁学名:Erwinia carotovora subsp#病害类型:细菌
向日葵细菌性叶斑病,#中文学名:向日葵细菌性叶斑病#分布区域:江苏、山东、河北、河南、内蒙古、湖北、辽宁均有发生#病原中文名:丁香假单胞菌向日葵致病变种#病害类型:细菌#主要危害作物:向日葵#主要为害部位:叶片
仙客来根结线虫病,#中文名:仙客来根结线虫病#病原中文名:南方根结线虫#主要危害作物:仙客来#主要为害部位:球茎及根系
油菜细菌性黑斑病,#中文名:油菜细菌性黑斑病#病原中文名: 丁香假单胞菌斑点致病变种(十字花科蔬菜黑斑病假单胞菌)#病原拉丁学名:Pseudomonas syringae pv．maculicola(Mcculloch)Young etal．#病原类型:细菌
烟草空胫病,#中文名:烟草空胫病#主要为害部位:茎
烟草细菌角斑病,#中文名:烟草细菌角斑病#病原中文名:丁香假单胞杆菌角斑专化型#病原类型: 细菌#主要危害作物:烟草#主要为害部位:叶片、蒴果、萼片、茎部等
油菜软腐病,#中文名:油菜软腐病#病原中文名:胡萝卜软腐欧文氏菌胡萝卜软腐致病变种#病原拉丁学名: Erwiinia carotovora subsp．carotovora(Jones)Bergey et al．#病原类型: 细菌
玉米斑枯病,#中文名:玉米斑枯病#病原中文名:玉蜀黍生壳针孢，玉蜀黍壳针孢#病原拉丁学名:Septoria zeicola Stout和Septoria zeina Stout#病原分类地位:半知菌亚门真菌
一串红疫霉病,#中文名:一串红疫霉病#病原体:鞭毛菌#防    治:改善栽培措施与适时喷药#发病时间:8月
油菜黑腐病,#中文名:油菜黑腐病#主要危害作物:油菜
烟草剑叶病,#中文名:烟草剑叶病#病原中文名:蜡样芽胞杆菌#病害类型: 细菌#主要为害部位: 叶
芝麻细菌性角斑病,#中文名:芝麻细菌性角斑病#病原中文名:丁香假单胞菌芝麻致病变种#病原拉丁学名:Pseudomonas syringae pv．sesami(Malkoff．)Young et al．#主要危害作物:芝麻
棕榈腐烂病,#中文名:棕榈腐烂病#病原中文名:拟青霉菌#病原拉丁学名:Paecilo- myces varioti Bainier#病原分类地位:半知菌亚门、丝孢纲、丛梗孢目#病原类型:真菌#主要危害作物:棕榈
紫荆枯梢病,#中文名:紫荆枯梢病#分布与危害:危害紫荆#症    状:两枝枯黄，随后全株枯黄死亡#病    原:镰刀菌
紫荆叶枯病,#中文名:紫荆叶枯病#主要为害部位:叶片
紫罗兰锈病,#中文名:紫罗兰锈病#病    菌:白锈菌#危害植物:紫罗兰、雁来红、半支莲和草坪草#防治药物:代森锌可湿性粉剂
紫荆角斑病,#别    称:紫荆角斑病#多发群体:紫荆#常见症状:植株生长不良#病    原:尾孢属一种真菌
八一面,"#中文名:八一面#名称含义:每百斤小麦磨取八十一斤面粉#别    称:""八一通粉""#出现于:1950年3月"
白脆鸡麻李,#中文学名:白脆鸡麻李#界:植物界#门:被子植物门#分布区域:广东
油豆角,#中文学名:油豆角#拉丁学名:Phaseolus vulgaris Linn#界:植物界#门:被子植物门#纲:木兰纲#目:豆目#科:豆科#亚    科:蝶形花亚科#族:菜豆族#属:菜豆属#分布区域:中国东北地区
甘鑫128号,#中文学名:甘鑫128号#界:植物界#科:禾本科#属:玉蜀黍属#种:玉蜀黍#品    种:甘鑫128号
粳糯稻谷,#中文学名:粳糯稻谷#界:植物界#门:被子植物门#纲:单子叶植物纲#目:禾本目#科:禾本科
露地农作物复套种栽培,#中文名:露地农作物复套种栽培#属性 :栽培技术#对    象:农作物#数    量:两种
抛秧,#中文名:抛秧#所    属:农村莳秧的一种方法#最早出现日期:1958年#发展趋势:从手抛发展到机抛
水稻空秕粒,#中文名:水稻空秕粒#属    性:生理障碍#正常空秕率:10-20%#原    因:发育不正常与环境因素#影    响:严重影响水稻产量
裕香一号,#中文学名:裕香一号# 审定编号:豫审稻2008006#品种来源:1362A×裕恢99E-4#选育单位:四川裕丰种业、罗山县农科种业
小喇叭,
吉参1号,#中文名:吉参1号#品种类别:人参#选育单位:中国农业科学院特产研究所#审定单位:吉林省农作物品种审定委员会
吉林黄果人参,#中文学名:吉林黄果人参#界:植物界#门:被子植物门#纲:双子叶植物纲#目:伞形目#科:五加科#族:人参族#属:人参属
